processing_name,full_name,centroid,established,hectares,shape_area,full_date,x,y
AKK,Akamina-Kishinena Complex,"49.0329°N, 114.1781°W",Est. July 1995,"10,745ha",10744.659128969086,1995-07-13,-114.17810332570274,49.03294794875879
Atlin,Atlin Complex,"59.1159°N, 133.4078°W",Est. May 1973,"570,438ha",570437.5491859954,1973-05-18,-133.4077854087347,59.115891591409984
Dune,Dune Za Keyih Complex,"58.3592°N, 126.5516°W",Est. June 1999,"446,309ha",446309.07371651585,1999-06-29,-126.55161588023698,58.359237333353505
DuuG,Duu Guusd Complex,"53.6331°N, 132.7146°W",Est. May 1973,"232,427ha",232427.4252923633,1973-05-29,-132.71459923311488,53.63309930010528
Ecstall,Ecstall Complex,"53.7905°N, 129.6617°W",Est. June 1993,"85,744ha",85744.02740749075,1993-06-14,-129.66168763098858,53.79047281058616
Foch,Foch-Gilttoyees Complex,"54.0276°N, 129.1488°W",Est. December 1986,"116,384ha",116383.79982212796,1986-12-10,-129.14875344290454,54.027593264813966
Gar,Garabaldi Complex,"49.8035°N, 122.6822°W",Est. April 1920,"291,362ha",291362.0537303725,1920-04-29,-122.68221513327477,49.803466778509176
Hakai,Hakai Complex,"51.7265°N, 128.0661°W",Est. March 2001,"70,818ha",70818.44953135503,2001-03-02,-128.06608028891236,51.726456540668515
Itcha,Itcha Ilgachuz Complex,"52.7136°N, 124.9813°W",Est. June 1975,"111,236ha",111235.85573548965,1975-06-12,-124.98131525837243,52.71363683102481
Khutz,Khutzeymateen Complex,"54.5856°N, 129.8472°W",Est. August 1994,"136,324ha",136323.95881679966,1994-08-15,-129.84722588948554,54.58557690306477
Liard,Liard River Complex,"59.3827°N, 125.3573°W",Est. April 1957,"91,215ha",91215.24358803578,1957-04-26,-125.3572565484431,59.38273010133236
Mann,E.C. Manning Complex,"49.1067°N, 120.6746°W",Est. June 1941,"180,366ha",180366.0982759663,1941-06-17,-120.67457584569519,49.10666946586701
Naik,Naikoon Complex,"53.7808°N, 131.9216°W",Est. May 1971,"83,759ha",83759.36401706045,1971-05-04,-131.92161956913134,53.78076706447927
NoRM,Northern Rocky Mountains Complex,"58.0913°N, 124.418°W",Est. June 1957,"822,663ha",822663.0005154739,1957-06-26,-124.41795048667655,58.09127769478612
Om,Omineca Complex,"55.8321°N, 124.7025°W",Est. April 2001,"134,433ha",134433.28847850987,2001-04-11,-124.70247104016606,55.832124539745394
Purc,Purcell Complex,"50.1078°N, 116.4869°W",Est. March 1973,"213,221ha",213221.30486506398,1973-03-18,-116.48688401511086,50.107777466013395
RM,Mount Robson Complex,"53.0719°N, 118.9504°W",Est. March 1913,"481,884ha",481883.8535193921,1913-03-01,-118.9504341665368,53.071853063009335
Spats,Spatsizi Complex,"57.6044°N, 128.6985°W",Est. July 1972,"1,524,908ha",1524907.8524629325,1972-07-27,-128.6985079985192,57.604403800890196
Stein,Stein Valley Complex,"50.2116°N, 122.0112°W",Est. July 1995,"136,291ha",136291.30333744112,1995-07-12,-122.01115855428878,50.21163688960596
Strath,Strathcona Complex,"49.6298°N, 125.71°W",Est. March 1911,"253,719ha",253719.36089091553,1911-03-01,-125.7099912960548,49.629786561149416
Sustut,Sustut Complex,"56.3426°N, 126.6535°W",Est. January 2001,"77,930ha",77929.93691668799,2001-01-25,-126.65350751561594,56.342579364283026
TatAlsek,Tatshenshini-Alsek Complex,"59.5958°N, 137.4428°W",Est. October 1993,"946,895ha",946894.8278844681,1993-10-15,-137.44284030415994,59.59581364153801
Tsyl,Ts'yl-Os Complex,"51.171°N, 123.9754°W",Est. February 1994,"255,123ha",255123.43382654892,1994-02-12,-123.97542105698398,51.17100630680899
Tweeds,Tweedsmuir Complex,"52.9442°N, 126.8643°W",Est. February 1926,"2,040,935ha",2040935.4510591107,1926-02-10,-126.86433427196292,52.94423946827095
WG,Wells Gray Complex,"52.534°N, 120.2625°W",Est. November 1939,"793,592ha",793591.5681891191,1939-11-28,-120.2625040662021,52.533971553579654
BigCreekEcologicalReserve,Big Creek Ecological Reserve,"51.8362°N, 122.6982°W",Est. May 1990,257ha,257.0844526085466,1990-05-07,-122.69817963346284,51.836182386563856
CormorantChannelMarinePark,Cormorant Channel Marine Park,"50.585°N, 126.8392°W",Est. September 1992,245ha,244.64830898033372,1992-09-16,-126.83919335332685,50.58497526815735
RendezvousIslandSouthPark,Rendezvous Island South Park,"50.2606°N, 125.0329°W",Est. July 1997,113ha,112.73020549711178,1997-07-28,-125.03285820049645,50.26060838933061
SmugglerCoveMarinePark,Smuggler Cove Marine Park,"49.5154°N, 123.9564°W",Est. July 1971,167ha,166.9838259803604,1971-07-26,-123.95642046382939,49.515385602412216
AdamsLakeMarineParkSpillmanBeachSite,Adams Lake Marine Park,"51.1388°N, 119.6069°W",Est. April 1996,203ha,203.07357266460207,1996-04-30,-119.60692398352421,51.13883477071476
AlezaLakeEcologicalReserve,Aleza Lake Ecological Reserve,"54.0819°N, 122.1014°W",Est. February 1978,269ha,269.0381479249951,1978-02-10,-122.10136129984902,54.08187598288973
AliceLakePark,Alice Lake Park,"49.7821°N, 123.1173°W",Est. November 1956,412ha,411.72494958058724,1956-11-23,-123.11727737103756,49.78206796706221
AmbroseLakeEcologicalReserve,Ambrose Lake Ecological Reserve,"49.7318°N, 124.022°W",Est. August 1971,295ha,294.7208568081092,1971-08-13,-124.02203544833097,49.73176533622901
ArrowstonePark,Arrowstone Park,"50.8802°N, 121.2732°W",Est. July 2004,"6,155ha",6155.359061634642,2004-07-20,-121.27322616816461,50.88020111251342
ArtlishCavesPark,Artlish Caves Park,"50.1392°N, 126.9058°W",Est. April 1996,281ha,281.17725715112914,1996-04-30,-126.90581846543911,50.139237797310734
BabineLakeMarineParkSmithersLandingSite,Babine Lake Marine Park,"55.0673°N, 126.5408°W",Est. January 1993,145ha,145.3533583502464,1993-01-01,-126.54082717231802,55.06731598326531
BabineMountainsPark,Babine Mountains Park,"54.9134°N, 126.9266°W",Est. April 1984,"31,474ha",31474.370411613047,1984-04-05,-126.92655433181453,54.91335299888078
BearCreekPark,Bear Creek Park,"49.9295°N, 119.5198°W",Est. March 1981,159ha,158.77106370701918,1981-03-19,-119.51978284608704,49.92951614337244
BeattonPark,Beatton Park,"56.3262°N, 120.9433°W",Est. September 1934,329ha,329.34433438270395,1934-09-14,-120.94330061754674,56.32624199129522
BeaumontPark,Beaumont Park,"54.0562°N, 124.6162°W",Est. February 1960,179ha,178.5047528986565,1960-02-16,-124.61623281630597,54.056245483634875
BednestiLakeEcologicalReserve,Bednesti Lake Ecological Reserve,"53.8612°N, 123.4462°W",Est. February 1978,140ha,140.34251357210545,1978-02-10,-123.4462433107863,53.861209425337506
BigBarLakePark,Big Bar Lake Park,"51.311°N, 121.8146°W",Est. October 1969,368ha,367.8948737866353,1969-10-27,-121.81455264982567,51.311042779302824
BigBunsbyMarinePark,Big Bunsby Marine Park,"50.1073°N, 127.5104°W",Est. April 1996,267ha,267.4109908493137,1996-04-30,-127.5103947450041,50.10729235074213
BigCreekPark,Big Creek Park,"51.3038°N, 123.1591°W",Est. July 1995,"67,972ha",67972.10224909683,1995-07-12,-123.15913732805083,51.30383418534171
BigWhiteMountainEcologicalReserve,Big White Mountain Ecological Reserve,"49.7583°N, 118.9365°W",Est. March 1972,957ha,956.8115020706529,1972-03-24,-118.93653802385452,49.758251796263814
BirkenheadLakePark,Birkenhead Lake Park,"50.5781°N, 122.7419°W",Est. October 1963,"10,447ha",10447.157226099349,1963-10-10,-122.74185998848239,50.57810674614698
BlackcombGlacierPark,Blackcomb Glacier Park,"50.0943°N, 122.8729°W",Est. August 1990,221ha,220.94387215175587,1990-08-02,-122.87293692004664,50.094273629755804
BlackwaterCreekEcologicalReserve,Blackwater Creek Ecological Reserve,"55.5597°N, 123.6435°W",Est. December 1975,292ha,291.9616815455724,1975-12-04,-123.64352273659249,55.55970740961193
BlanketCreekPark,Blanket Creek Park,"50.833°N, 118.083°W",Est. February 1982,318ha,318.03177163999123,1982-02-18,-118.08302789718437,50.83295981244674
BlighIslandPark,Bligh Island Marine Park,"49.6349°N, 126.5389°W",Est. July 1995,"1,652ha",1651.7691258830084,1995-07-12,-126.53886801253942,49.63491461124443
BlueDeaseRiversEcologicalReserve,Blue/Dease Rivers Ecological Reserve,"59.871°N, 129.2353°W",Est. February 1975,966ha,965.9156629896557,1975-02-06,-129.23532163872773,59.87104697579628
BocockPeakPark,Bocock Peak Park,"55.8601°N, 122.9195°W",Est. June 2000,"1,143ha",1143.111646886681,2000-06-29,-122.91954131694725,55.86007553755656
BonapartePark,Bonaparte Park,"51.1544°N, 120.4879°W",Est. May 2004,"11,833ha",11833.378230609722,2004-05-20,-120.4879262407516,51.15435730378991
BowenIslandEcologicalReserve,Bowen Island Ecological Reserve,"49.3589°N, 123.359°W",Est. May 1973,400ha,399.6080474117674,1973-05-29,-123.3590112202149,49.358880447354906
BowserEcologicalReserve,Bowser Ecological Reserve,"49.4408°N, 124.7411°W",Est. April 1996,113ha,113.08479002617362,1996-04-30,-124.74108766170092,49.44077097248109
TaChIlaParkAKABoyaLakePark,Boya Lake Park,"59.3814°N, 129.0866°W",Est. November 1965,"4,728ha",4727.84707064129,1965-11-30,-129.08663620501446,59.381379218742694
BoylePointPark,Boyle Point Park,"49.4817°N, 124.7007°W",Est. August 1989,188ha,187.92827461009753,1989-08-10,-124.70066225937327,49.48167712092844
BrandywineFallsPark,Brandywine Falls Park,"50.0407°N, 123.1149°W",Est. January 1973,417ha,417.1244207510446,1973-01-18,-123.11489367849501,50.040738585475
BridgeLakePark,Bridge Lake Park,"51.5044°N, 120.711°W",Est. March 1956,423ha,422.5826440406365,1956-03-16,-120.71100569129767,51.50441546106623
BromleyRockPark,Bromley Rock Park,"49.4149°N, 120.2619°W",Est. March 1956,151ha,150.77430174150072,1956-03-16,-120.26191759778077,49.41493130146786
MuqqiwnPeninsulaPark,Brooks Peninsula Park [a.k.a. Muqqiwn Park],"50.1815°N, 127.6689°W",Est. December 1986,"36,013ha",36012.88871900432,1986-12-10,-127.66892058779653,50.18145409755743
BroughtonArchipelagoMarinePark,Broughton Archipelago Park,"50.7076°N, 126.6426°W",Est. September 1992,"2,061ha",2061.424980008791,1992-09-16,-126.64262663796495,50.70764434382407
BrowneLakeEcologicalReserve,Browne Lake Ecological Reserve,"49.8226°N, 119.1994°W",Est. August 1973,114ha,113.69573532604757,1973-08-10,-119.19936430562878,49.8225576812718
BugabooPark,Bugaboo Park,"50.7945°N, 116.8079°W",Est. July 1969,"13,817ha",13817.417133494657,1969-07-17,-116.80794120514186,50.79449653340626
BulkleyJunctionPark,Bulkley Junction Park,"55.2354°N, 127.678°W",Est. July 1997,168ha,168.4068150179978,1997-07-28,-127.67798925505078,55.235380016272316
ButlerRidgePark,Butler Ridge Park,"56.1825°N, 122.2986°W",Est. June 2000,"6,845ha",6845.210375644818,2000-06-29,-122.29859446222207,56.18245582244243
ByersConroyHarveySinnettIslandsEcologicalRes,Byers/Conroy/Harvey/Sinnett Islands Ecological Reserve,"52.5339°N, 129.3732°W",Est. April 1981,215ha,215.40944481415377,1981-04-09,-129.37323687514683,52.53391422323772
CaligataLakePark,Caligata Lake Park,"51.7409°N, 119.8361°W",Est. April 1996,150ha,150.42095785152736,1996-04-30,-119.83613282304877,51.740905331090275
CallaghanLakePark,Callaghan Lake Park,"50.2071°N, 123.1894°W",Est. July 1997,"2,696ha",2696.1107545832033,1997-07-28,-123.18943444244087,50.207127487747606
CampbellBrownKalamalkaLakeEcologicalReserve,Campbell Brown (Kalamalka Lake) Ecological Reserve,"50.158°N, 119.3747°W",Est. June 1977,104ha,104.3061382866742,1977-06-09,-119.3747127157762,50.15804944057818
NorthThompsonRiverPark,North Thompson River Park,"51.6269°N, 120.0861°W",Est. November 1967,136ha,136.18449828806203,1967-11-16,-120.08612700280119,51.62693123772022
NunstiPark,Nuntsi Park,"51.7371°N, 123.7912°W",Est. July 1995,"20,585ha",20585.137962440564,1995-07-12,-123.79115466629969,51.73714478197382
OctopusIslandsMarinePark,Octopus Islands Marine Park,"50.2654°N, 125.2387°W",Est. March 1974,404ha,404.24846555847114,1974-03-26,-125.23865869823514,50.26535288670581
OkanaganMountainPark,Okanagan Mountain Park,"49.7263°N, 119.6296°W",Est. August 1973,"11,297ha",11297.150155844158,1973-08-23,-119.62955012321684,49.72630217022583
OregonJackPark,Oregon Jack Park,"50.6378°N, 121.4945°W",Est. April 1996,224ha,224.41798369217048,1996-04-30,-121.49449379558364,50.63778344444917
ParkerLakeEcologicalReserve,Parker Lake Ecological Reserve,"58.8122°N, 122.9046°W",Est. May 1973,214ha,214.4428905324291,1973-05-29,-122.90463255294866,58.81220025975492
PatsukCreekEcologicalReserve,Patsuk Creek Ecological Reserve,"55.6371°N, 123.3755°W",Est. February 1978,538ha,538.1898293484833,1978-02-10,-123.37553043221247,55.637051071186725
PaulLakePark,Paul Lake Park,"50.7433°N, 120.132°W",Est. May 1961,728ha,728.049667243392,1961-05-11,-120.13197216916754,50.74331654948191
PennaskLakePark,Pennask Lake Park,"49.9901°N, 120.0991°W",Est. January 1975,240ha,239.70668506771904,1975-01-23,-120.09913826641909,49.990058803872465
PenroseIslandMarinePark,Penrose Island Marine Park,"51.4818°N, 127.7298°W",Est. September 1992,945ha,945.4069201344533,1992-09-16,-127.72975266000464,51.481770406447836
PilotBayPark,Pilot Bay Park,"49.6373°N, 116.8638°W",Est. July 1964,337ha,336.9666079824546,1964-07-21,-116.86382771567015,49.63729610226869
PorcupineMeadowsPark,Porcupine Meadows Park,"50.9808°N, 120.5348°W",Est. April 1996,"2,717ha",2716.5337323003287,1996-04-30,-120.53484301202472,50.980820867557576
PremierLakePark,Premier Lake Park,"49.9114°N, 115.643°W",Est. April 1940,837ha,836.5353918638742,1940-04-26,-115.64298501706016,49.911411598983655
ProphetRiverHotspringsPark,Prophet River Hot Springs Park,"57.6518°N, 124.0241°W",Est. June 1999,185ha,184.61573144887186,1999-06-29,-124.0240599614325,57.65182328886145
PurdenLakePark,Purden Lake Park,"53.928°N, 121.9083°W",Est. August 1971,"3,215ha",3214.5680214890795,1971-08-12,-121.90830339810297,53.92795951219582
QuatsinoPark,Quatsino Park,"50.4943°N, 127.8195°W",Est. July 1995,603ha,603.0450055573284,1995-07-12,-127.81950493441788,50.49429151174643
RaftCovePark,Raft Cove Park,"50.5851°N, 128.2303°W",Est. March 1990,453ha,452.6241507088508,1990-03-08,-128.23033413122752,50.585149524768596
RamCreekEcologicalReserve,Ram Creek Ecological Reserve,"50.0342°N, 115.6007°W",Est. July 1971,122ha,121.82397452562407,1971-07-29,-115.60068331675159,50.034151088126976
RaspberryHarbourEcologicalReserve,Raspberry Harbour Ecological Reserve,"56.0974°N, 124.243°W",Est. May 1978,121ha,121.0243414144776,1978-05-18,-124.24303138791068,56.09738922907136
RathtrevorBeachPark,Rathtrevor Beach Park,"49.3205°N, 124.2701°W",Est. April 1967,120ha,119.53572210731802,1967-04-20,-124.27006872335079,49.320495314857
ReadIslandPark,Read Island Park,"50.1445°N, 125.1323°W",Est. April 1996,638ha,638.3057590497236,1996-04-30,-125.13231312427526,50.14446163214543
RedBluffPark,Red Bluff Park,"54.8508°N, 126.1803°W",Est. August 1978,156ha,156.2995760890738,1978-08-24,-126.18028574337337,54.85076369243001
RedfernKeilyPark,Redfern-Keily Park,"57.4057°N, 123.8782°W",Est. June 1999,"80,800ha",80800.48503943805,1999-06-29,-123.87816855990062,57.4056635100042
RocheLakePark,Roche Lake Park,"50.4732°N, 120.1394°W",Est. April 1996,"2,026ha",2026.1426416661002,1996-04-30,-120.13935953609551,50.47319154699538
RolleyLakePark,Rolley Lake Park,"49.2435°N, 122.3869°W",Est. February 1961,117ha,116.62547802975297,1961-02-03,-122.38688436557453,49.24352910707479
RoscoeBayPark,Roscoe Bay Park,"50.1592°N, 124.7745°W",Est. August 1989,214ha,213.5656830912074,1989-08-10,-124.77452965108823,50.15915257435569
RossLakePark,Ross Lake Park,"55.2597°N, 127.5239°W",Est. January 1974,340ha,339.74435342327536,1974-01-31,-127.52388933835415,55.25972146016444
RuggedPointMarinePark,Rugged Point Marine Park,"49.9621°N, 127.2385°W",Est. August 1989,162ha,162.31138872079492,1989-08-10,-127.23849084713399,49.96205458277961
SanJuanRiverEstuaryEcologicalReserve,San Juan River Estuary Ecological Reserve,"48.5719°N, 124.3711°W",Est. April 1996,144ha,144.38397111086707,1996-04-30,-124.37109959032279,48.57193206254337
SantaGertrudisBocaDelInfiernoPark,Santa Gertrudis-Boca Del Infierno Park,"49.6109°N, 126.6291°W",Est. April 1996,382ha,382.41652356056875,1996-04-30,-126.62911013406325,49.61085434656798
SasquatchPark,Sasquatch Park,"49.3543°N, 121.7015°W",Est. May 1968,"1,232ha",1231.8362422937857,1968-05-02,-121.70151335983435,49.354282845871595
SchoenLakePark,Schoen Lake Park,"50.1766°N, 126.2454°W",Est. October 1977,"8,780ha",8779.583712250616,1977-10-28,-126.24539117131624,50.176612557810685
SchoolhouseLakePark,Schoolhouse Lake Park,"51.8882°N, 120.9932°W",Est. July 1995,"5,051ha",5051.197951422608,1995-07-12,-120.99322312048612,51.8882219370595
AnneValleeTriangleIslandEcologicalReserve,Anne Vallee (Triangle Island) Ecological Reserve,"50.8627°N, 129.0815°W",Est. May 1971,119ha,119.12400315674954,1971-05-04,-129.08145068790486,50.86271240434966
LittleAndrewsBayMarinePark,Little Andrews Bay Marine Park,"53.7957°N, 126.6412°W",Est. June 1999,102ha,102.24013152356851,1999-06-29,-126.64121408653212,53.795658403803415
ProphetRiverWaysidePark,Prophet River Wayside Park,"57.9747°N, 122.7766°W",Est. January 1977,113ha,113.41632760955724,1977-01-07,-122.77657326283942,57.974720226768845
RainbowAlleyPark,Rainbow Alley Park,"55.335°N, 126.6417°W",Est. June 1999,110ha,110.2581769505684,1999-06-29,-126.64171130224067,55.33504723242618
SikanniOldGrowthPark,Sikanni Old Growth Park,"58.2374°N, 121.7117°W",Est. June 1999,"1,440ha",1440.3957715656536,1999-06-29,-121.71174140866351,58.23737388001887
SpipiyusPark,Spipiyus Park,"49.6613°N, 123.9215°W",Est. June 1999,"2,982ha",2982.3044384506115,1999-06-29,-123.92148460259541,49.66130911208423
StuartRiverParkLowerSite,Stuart River Park,"54.1413°N, 123.737°W",Est. June 1999,"21,028ha",21027.570928772115,1999-06-29,-123.73702881958042,54.141263438607865
SutherlandRiverProtectedArea,Sutherland River Protected Area,"54.3383°N, 124.8174°W",Est. July 2000,"4,835ha",4835.090303546575,2000-07-06,-124.81741762698161,54.33830405178917
ThinahteaSouthProtectedArea,Thinahtea South Protected Area,"59.6533°N, 120.3175°W",Est. January 2001,"16,709ha",16709.24255806548,2001-01-25,-120.31752204939343,59.65325280284954
ThinahteaNorthProtectedArea,Thinahtea North Protected Area,"59.7804°N, 120.1917°W",Est. January 2001,"3,675ha",3674.88000149742,2001-01-25,-120.19167640375267,59.78036860709316
BurntCabinBogEcologicalReserve,Burnt Cabin Bog Ecological Reserve,"54.7502°N, 126.9084°W",Est. June 2000,673ha,672.5847487262838,2000-06-06,-126.90842678293575,54.75017160752972
GraylingRiverHotspringsEcologicalReserve,Grayling River Hot Springs Ecological Reserve,"59.6212°N, 125.5547°W",Est. June 2000,"1,421ha",1421.126008655976,2000-06-29,-125.5546717297827,59.621182879579685
MountDerbyEcologicalReserve,Mount Derby Ecological Reserve,"50.4411°N, 126.5529°W",Est. August 1989,593ha,592.7312778626646,1989-08-10,-126.55285796822115,50.44108652404736
PortageBruleRapidsEcologicalReserve,Portage Brule Rapids Ecological Reserve,"59.6397°N, 126.9064°W",Est. June 2000,724ha,724.3854982324364,2000-06-29,-126.90643234097766,59.639660223882764
RobsonBightMichaelBiggEcologicalReserve,Robson Bight (Michael Bigg) Ecological Reserve,"50.4814°N, 126.5652°W",Est. June 1982,576ha,576.1460077198326,1982-06-17,-126.56515459458525,50.481390064790816
TsitikaMountainEcologicalReserve,Tsitika Mountain Ecological Reserve,"50.4418°N, 126.6238°W",Est. August 1989,598ha,597.5667236620777,1989-08-10,-126.6237613430095,50.441828843105604
ArcticPacificLakesPark,Arctic Pacific Lakes Park,"54.3837°N, 121.5533°W",Est. June 2000,"13,895ha",13895.002625022345,2000-06-29,-121.55333214168269,54.383677713657924
BeattonRiverPark,Beatton River Park,"56.1001°N, 120.3758°W",Est. June 2000,193ha,193.40245519025967,2000-06-29,-120.37579830072372,56.10011704268568
BobtailMountainPark,Bobtail Mountain Park,"53.6874°N, 123.3626°W",Est. June 2000,"1,361ha",1360.9000440079026,2000-06-29,-123.3625919492199,53.68735171565435
ErgMountainPark,Erg Mountain Park,"53.5686°N, 120.9061°W",Est. June 2000,"1,012ha",1011.8791777751265,2000-06-29,-120.9060659671113,53.56858074360634
InlandLakePark,Inland Lake Park,"49.9539°N, 124.4814°W",Est. June 2000,"2,758ha",2757.909994524544,2000-06-29,-124.48135208847312,49.953886037715804
KluaLakesProtectedArea,Klua Lakes Protected Area,"58.1027°N, 122.3138°W",Est. January 2001,"28,040ha",28039.54722608227,2001-01-25,-122.31381479122312,58.10272527579759
LowerTsitikaRiverPark,Lower Tsitika River Park,"50.4605°N, 126.592°W",Est. July 1995,"3,609ha",3609.071932132609,1995-07-12,-126.59195456574234,50.46046097125533
MountSeymourPark,Mount Seymour Park,"49.3925°N, 122.9261°W",Est. January 1936,"3,552ha",3551.7411558596104,1936-01-31,-122.9260533471327,49.392542862916684
PeaceRiverCorridorPark,Peace River Corridor Park,"56.1045°N, 120.2221°W",Est. June 2000,"2,015ha",2014.5183212680952,2000-06-29,-120.22213959265586,56.10453802643654
PineLeMorayPark,Pine Le Moray Park,"55.3913°N, 122.5176°W",Est. June 2000,"43,289ha",43288.780017021316,2000-06-29,-122.51764575977786,55.391308400361716
PtarmiganCreekPark,Ptarmigan Creek Park,"53.4876°N, 120.8803°W",Est. June 2000,"3,306ha",3306.238233058537,2000-06-29,-120.88027033213692,53.48763330287165
SevenSistersPark,Seven Sisters Park,"54.9469°N, 128.1501°W",Est. June 2000,"27,140ha",27139.888592064915,2000-06-29,-128.15005206969224,54.94693614891443
SlimCreekPark,Slim Creek Park,"53.7628°N, 121.184°W",Est. June 2000,506ha,506.12621879297177,2000-06-29,-121.18395142570695,53.76276179190672
WapitiLakePark,Wapiti Lake Park,"54.5095°N, 120.7622°W",Est. June 2000,"16,837ha",16836.81280333139,2000-06-29,-120.76220551958536,54.50949143872272
WestTwinPark,West Twin Park,"53.3494°N, 120.5379°W",Est. June 2000,"22,320ha",22320.342431412377,2000-06-29,-120.53789338373197,53.3493684721292
WindemereLakePark,Windermere Lake Park,"50.4215°N, 115.9671°W",Est. June 1999,208ha,207.5091241557096,1999-06-29,-115.96714401761082,50.421492670533425
PortageBruleRapidsProtectedArea,Portage Brule Rapids Protected Area,"59.6491°N, 126.8996°W",Est. January 2001,428ha,427.68440856556117,2001-01-25,-126.89962891220121,59.649059604716705
CumminsRiverProtectedArea,Cummins River Protected Area,"52.052°N, 118.2003°W",Est. August 2000,260ha,259.784490812138,2000-08-04,-118.2003293782733,52.05196897617686
BorderLakePark,Border Lake Park,"56.354°N, 130.7141°W",Est. January 2001,815ha,814.5591702362849,2001-01-25,-130.71412774521772,56.354037961452526
BuseLakeProtectedArea,Buse Lake Protected Area,"50.6151°N, 120.0307°W",Est. January 2001,228ha,227.92340921315193,2001-01-25,-120.03072800407482,50.61511863516601
CraigHeadwatersProtectedArea,Craig Headwaters Protected Area,"56.5587°N, 131.2238°W",Est. January 2001,"7,571ha",7570.601344176755,2001-01-25,-131.22382862163565,56.55865153250435
MaxhamishLakeProtectedArea,Maxhamish Lake Protected Area,"59.8461°N, 123.3182°W",Est. January 2001,"26,911ha",26911.016965684754,2001-01-25,-123.31823532049071,59.8461461534959
PtarmiganCreekProtectedArea,Ptarmigan Protected Area,"53.5317°N, 120.8636°W",Est. January 2001,"1,306ha",1306.0475150872282,2001-01-25,-120.86359182160584,53.53169783379123
SevenSistersProtectedArea,Seven Sisters Protected Area,"54.9496°N, 128.267°W",Est. January 2001,"12,015ha",12015.360059298275,2001-01-25,-128.26703854968287,54.949604704711874
SugarbowlGrizzlyDenProtectedArea,Sugarbowl-Grizzly Den Protected Area,"53.8012°N, 121.5886°W",Est. January 2001,"2,229ha",2228.545552765209,2001-01-25,-121.58863756780589,53.8011511440143
TuyaMountainsPark,Tuya Mountains Park,"59.1715°N, 130.5173°W",Est. January 2001,"18,012ha",18012.380811270676,2001-01-25,-130.51730482085708,59.17152384052202
BearholeLakePark,Bearhole Lake Park,"55.0434°N, 120.5698°W",Est. January 2001,"12,707ha",12707.487390419763,2001-01-25,-120.5698158485931,55.043423680332346
GreatGlacierPark,Great Glacier Park,"56.8436°N, 131.8507°W",Est. January 2001,"9,314ha",9313.695686434607,2001-01-25,-131.85069548550885,56.84355452873284
BearholeLakeProtectedArea,Bearhole Lake Protected Area,"55.0444°N, 120.3539°W",Est. January 2001,"5,054ha",5054.227631091935,2001-01-25,-120.35390438126856,55.04436916687258
UnchaMountainRedHillsPark,Uncha Mountain Red Hills Park,"53.9824°N, 125.5229°W",Est. January 2001,"9,421ha",9421.433534458869,2001-01-25,-125.52287502192706,53.98240449348259
WestTwinProtectedArea,West Twin Protected Area,"53.4872°N, 120.5361°W",Est. January 2001,"9,132ha",9132.13087630397,2001-01-25,-120.53614876824717,53.487158420038284
RubyrockLakePark,Rubyrock Lake Park,"54.6783°N, 125.3432°W",Est. January 2001,"41,250ha",41250.22419303035,2001-01-25,-125.34315102278553,54.678327726513885
TaklaMarineParkTaklaWest,Takla Lake Marine Park,"55.4171°N, 125.9344°W",Est. June 1993,550ha,550.3028794783582,1993-06-14,-125.93435836454357,55.417070087904676
ChasePark,Chase Park,"56.5077°N, 125.0282°W",Est. April 2001,"36,195ha",36194.78545493281,2001-04-11,-125.0281907960911,56.507670275428694
EdBirdEstellaLakesPark,Ed Bird-Estella Lakes Park,"56.9352°N, 125.0928°W",Est. April 2001,"5,589ha",5589.308005797221,2001-04-11,-125.09279126443452,56.93523761245942
HeatherDinaLakesPark,Heather-Dina Lakes Park,"55.5115°N, 123.2876°W",Est. April 2001,"5,823ha",5822.877832669895,2001-04-11,-123.2875680592302,55.511453314770044
MalaspinaPark,Malaspina Park,"50.0368°N, 124.7783°W",Est. April 2001,575ha,574.8918628651488,2001-04-11,-124.7783122666121,50.036763609532315
MuscoviteLakesPark,Muscovite Lakes Park,"55.9744°N, 124.14°W",Est. April 2001,"5,712ha",5711.5345823195685,2001-04-11,-124.13997034001724,55.97439945035245
NingunsawPark,Ningunsaw Park,"56.8271°N, 130.0954°W",Est. April 2001,"15,715ha",15714.595475337152,2001-04-11,-130.09542515252454,56.8271437227629
OspikaConesEcologicalReserve,Ospika Cones Ecological Reserve,"57.0205°N, 124.2533°W",Est. April 2001,"1,283ha",1283.265763396588,2001-04-11,-124.25327964103457,57.02054562849942
StuartLakeMarinePark,Stuart Lake Marine Park,"54.6162°N, 124.8063°W",Est. April 2001,227ha,227.3638775090818,2001-04-11,-124.8063329682609,54.61623067650648
SutherlandRiverPark,Sutherland River Park,"54.4602°N, 125.0847°W",Est. April 2001,"13,612ha",13611.628996012752,2001-04-05,-125.08468046076094,54.46024432452405
UpperSeymourRiverPark,Upper Seymour River Park,"51.6102°N, 118.9182°W",Est. April 2001,"10,622ha",10622.243405351437,2001-04-18,-118.91816742351254,51.61017966403529
BrentMountainProtectedArea,Brent Mountain Protected Area,"49.4716°N, 119.9246°W",Est. April 2001,"4,350ha",4350.36927270992,2001-04-18,-119.92461810900032,49.47163517131841
DamdochaxProtectedArea,Damdochax Protected Area,"56.3939°N, 127.9342°W",Est. April 2001,"8,140ha",8140.230085845927,2001-04-18,-127.93416210899825,56.39391278339503
FintryProtectedArea,Fintry Protected Area,"50.1365°N, 119.6086°W",Est. April 2001,"3,084ha",3084.2960963467667,2001-04-18,-119.6085994821123,50.13648579586224
GreenbushLakeProtectedArea,Greenbush Lake Protected Area,"50.7796°N, 118.2944°W",Est. April 2001,"2,819ha",2818.540597873316,2001-04-18,-118.29439566244051,50.7795523278768
SouthOkanaganGrasslandsProtectedArea,South Okanagan Grasslands Protected Area,"49.077°N, 119.628°W",Est. April 2001,"9,328ha",9328.450270849064,2001-04-18,-119.62795768053924,49.07701608813017
VaseuxProtectedArea,Vaseux Protected Area,"49.2684°N, 119.4746°W",Est. April 2001,"1,994ha",1994.0453355614904,2001-04-18,-119.47456996296523,49.26843223711764
WhiteLakeGrasslandsProtectedArea,White Lake Grasslands Protected Area,"49.2939°N, 119.5905°W",Est. April 2001,"3,745ha",3744.868254828983,2001-04-18,-119.59047648786124,49.29392372447027
SixMileHillProtectedArea,Six Mile Hill Protected Area,"50.7485°N, 120.722°W",Est. March 2001,148ha,148.21181920166617,2001-03-30,-120.72202018645125,50.74847359097373
NationLakesPark,Nation Lakes Park,"55.4248°N, 125.4026°W",Est. May 2004,"18,875ha",18875.405110874442,2004-05-20,-125.40261707229399,55.42480060424401
WakesCovePark,Wakes Cove Park,"49.1216°N, 123.7023°W",Est. June 2002,132ha,131.8509317118994,2002-06-21,-123.70228933952853,49.12161417498235
EagleBayPark,Eagle Bay Park,"53.7999°N, 128.71°W",Est. May 2004,197ha,196.50089997001405,2004-05-20,-128.709958344487,53.799859711717
SabineChannelPark,Sabine Channel Marine Park,"49.5125°N, 124.2871°W",Est. April 2001,164ha,164.01142130823976,2001-04-11,-124.28712489066207,49.512518636458864
MountGriffinPark,Mount Griffin Park,"50.9023°N, 118.5582°W",Est. April 2001,"1,759ha",1758.761621733601,2001-04-18,-118.55819909114304,50.90229667666177
PennaskCreekPark,Pennask Creek Park,"49.9218°N, 120.108°W",Est. April 2001,"1,243ha",1242.671581249848,2001-04-18,-120.10799089722613,49.921771056355766
MyraBellevuePark,Myra-Bellevue Park,"49.7519°N, 119.3739°W",Est. April 2001,"7,827ha",7827.496073689825,2001-04-18,-119.37387273843977,49.751894066059464
PukeashunPark,Pukeashun Park,"51.1907°N, 119.2559°W",Est. April 2001,"1,779ha",1779.0950828256898,2001-04-18,-119.25592702854338,51.19071412823087
SmithRiverFallsFortHalkettPark,Smith River Falls-Fort Halkett Park,"59.5646°N, 126.465°W",Est. January 2001,254ha,254.44166480602604,2001-01-25,-126.46497140936937,59.56455482430228
UpperVioletCreekPark,Upper Violet Creek Park,"50.7212°N, 119.1381°W",Est. May 2004,124ha,123.61958513711595,2004-05-20,-119.13809293360296,50.7212038622373
ShuswapRiverIslandsPark,Shuswap River Islands Park,"50.5532°N, 118.8923°W",Est. May 2004,185ha,185.02708335754906,2004-05-20,-118.8922719401833,50.553201943123725
TrepanierPark,Trepanier Park,"49.915°N, 119.8531°W",Est. April 2001,"2,886ha",2885.636485325221,2001-04-18,-119.85307507710326,49.91497710468968
GraystokesPark,Graystokes Park,"49.986°N, 118.8498°W",Est. April 2001,"11,963ha",11962.549432542835,2001-04-18,-118.84981471524915,49.98601655302627
AnsteyHunakwaPark,Anstey Hunakwa Park,"51.1502°N, 118.9147°W",Est. May 2004,"6,855ha",6855.179341316989,2004-05-20,-118.91472187705833,51.15016052448109
BurgoyneBayPark,Burgoyne Bay Park,"48.7849°N, 123.5172°W",Est. May 2004,501ha,501.2382556553295,2004-05-20,-123.51718081590936,48.78491632340769
OwyacumishRiverPark,Owyacumish River Park,"53.5384°N, 128.4307°W",Est. May 2004,804ha,803.7679344853918,2004-05-20,-128.43070571267236,53.53838590989944
EnglishLakePark,English Lake Park,"50.915°N, 118.3326°W",Est. May 2004,337ha,337.016618058348,2004-05-20,-118.33260609387325,50.91497163677479
BabineLakeMarineParkHookDeepBaySite,Babine Lake Marine Park,"54.561°N, 125.7119°W",Est. January 1993,179ha,178.83706263385386,1993-01-01,-125.71187810091004,54.5610358418235
ExchamsiksRiverProtectedArea,Exchamsiks River Protected Area,"54.3535°N, 129.295°W",Est. March 2005,"1,560ha",1559.6532571053583,2005-03-22,-129.29502820386645,54.353538018828125
SwanCreekProtectedArea,Swan Creek Protected Area,"54.451°N, 128.0947°W",Est. March 2005,266ha,266.1750577969025,2005-03-22,-128.09474039736563,54.45097564966822
EnderbyCliffsPark,Enderby Cliffs Park,"50.5988°N, 119.0718°W",Est. March 2006,"2,329ha",2329.2099923845517,2006-03-29,-119.07177248851622,50.59877806324217
KlinSeZaPark,Klin-se-za Park,"55.7991°N, 122.5624°W",Est. January 2001,"2,671ha",2670.742521944721,2001-01-25,-122.5624242341727,55.79905807128187
SikanniChiefCanyonPark,Sikanni Chief Canyon Park,"57.4872°N, 122.1475°W",Est. March 2006,"4,710ha",4710.211419869818,2006-03-29,-122.1474838656653,57.48719935817327
GilpinGrasslandsPark,Gilpin Grasslands Park,"49.0181°N, 118.2995°W",Est. May 2007,911ha,911.4098162507761,2007-05-22,-118.29950827534475,49.018092842575996
MountErskinePark,Mount Erskine Park,"48.8489°N, 123.549°W",Est. May 2007,108ha,107.62160986074076,2007-05-22,-123.54896651008701,48.84886922897562
EagleRiverPark,Eagle River Park,"50.9741°N, 118.6729°W",Est. June 2008,454ha,454.4712732477831,2008-06-27,-118.67291963065601,50.97406461378807
DenisonBonneauPark,Denison-Bonneau Park,"50.1574°N, 118.7391°W",Est. June 2008,376ha,376.4997430827658,2008-06-27,-118.73909971618,50.15742640661507
AtnaRiverPark,Atna River Park,"53.9765°N, 127.8982°W",Est. July 2008,"21,106ha",21105.75062291096,2008-07-11,-127.8982302242411,53.97647547825944
WapCreekPark,Wap Creek Park,"50.7355°N, 118.5898°W",Est. June 2008,328ha,328.4489999786779,2008-06-27,-118.58981725360212,50.73554947195822
NeneikekhNanikaKidpricePark,Neneikekh/Nanika-Kidprice Park,"53.9431°N, 127.4034°W",Est. May 2008,"17,015ha",17015.10385652073,2008-05-23,-127.40341140299644,53.9431278343333
BurnieSheaPark,Tazdli Wyiez Bin/Burnie-Shea Park,"54.3402°N, 127.648°W",Est. May 2008,"34,557ha",34557.30967589752,2008-05-23,-127.64802521586562,54.34015491792529
MoriceLakePark,Morice Lake Park,"53.9674°N, 127.6431°W",Est. July 2008,"52,498ha",52497.75379868068,2008-07-11,-127.64312703657357,53.96735778312357
MaraMeadowsPark,Mara Meadows Park,"50.699°N, 119.1048°W",Est. June 2008,212ha,211.81777873416905,2008-06-27,-119.10481321892189,50.699043979547625
NadinaMountainPark,Nadina Mountain Park,"54.097°N, 126.8714°W",Est. May 2008,"2,790ha",2789.9631603498397,2008-05-23,-126.87136718915151,54.09702189273398
OldManLakePark,Old Man Lake Park,"54.409°N, 126.4011°W",Est. May 2008,326ha,326.31806342105835,2008-05-23,-126.40107076188653,54.40896940586309
BurnieRiverProtectedArea,Burnie River Protected Area,"54.1903°N, 127.8109°W",Est. February 2009,"2,346ha",2346.1866441965426,2009-02-06,-127.81094054115991,54.19028954495096
SkahaBluffsPark,Skaha Bluffs Park,"49.4387°N, 119.5506°W",Est. April 2010,489ha,489.1812434346635,2010-04-21,-119.5506347621868,49.438657152444996
OreganaCreekPark,Oregana Creek Park,"52.0045°N, 119.083°W",Est. June 2010,286ha,285.84325157078246,2010-06-03,-119.0830239182081,52.00450951481991
BridgeRiverDeltaPark,Bridge River Delta Park,"50.828°N, 123.2039°W",Est. June 2010,992ha,992.0938590394326,2010-06-03,-123.20385510851669,50.82803853585303
FredAntoinePark,Fred Antoine Park,"50.8997°N, 122.1101°W",Est. June 2010,"8,233ha",8232.90824112943,2010-06-03,-122.11012281398503,50.89972345333126
FrenchBarCreekPark,French Bar Creek Park,"51.2259°N, 122.2102°W",Est. June 2010,"1,159ha",1159.4039475443149,2010-06-03,-122.21018598276983,51.225888090831496
GwynethLakePark,Gwyneth Lake Park,"50.7894°N, 122.8758°W",Est. June 2010,132ha,132.44389294832348,2010-06-03,-122.87575658142184,50.78943901697967
YalakomPark,Yalakom Park,"51.0896°N, 122.4133°W",Est. June 2010,"8,941ha",8941.054090505206,2010-06-03,-122.4132728866046,51.08955756121969
SouthChilcotinMountainsPark,South Chilcotin Mountains Park,"51.0322°N, 123.059°W",Est. April 2001,"56,795ha",56794.59381937587,2001-04-18,-123.05903393656516,51.032177421537334
HisnitRiverWatershedProtectedArea,Power River Watershed Protected Area,"50.2131°N, 127.4775°W",Est. March 2011,"1,681ha",1680.8296354894665,2011-03-24,-127.47753134169817,50.21313642438994
ThunderbirdSNestTIitskInPaawats,Thunderbird's Nest (T'iitsk'in Paawats) Protected Area,"49.0785°N, 125.0697°W",Est. March 2011,"2,338ha",2337.8733806101895,2011-03-24,-125.06967192022306,49.07845035754768
KakwaProtectedArea,Kakwa Protected Area,"53.908°N, 120.2362°W",Est. December 2011,458ha,458.1850819801292,2011-12-01,-120.23619164121416,53.90801155894982
BeaverValleyPark,Beaver Valley Park,"52.6079°N, 121.9938°W",Est. March 2013,768ha,767.5242852739224,2013-03-06,-121.99375055982543,52.60786259923434
BecherSPrairiePark,Becher's Prairie Park,"51.98°N, 122.4049°W",Est. March 2013,121ha,121.1293200872842,2013-03-06,-122.40487774988003,51.979976298473716
BigBasinPark,Big Basin Park,"51.3762°N, 122.644°W",Est. March 2013,998ha,997.5966764170954,2013-03-06,-122.64402344244782,51.37618311388651
CopperJohnnyPark,Copper Johnny Park,"51.438°N, 121.8289°W",Est. March 2013,656ha,656.024678087926,2013-03-06,-121.82891032057623,51.43798509792077
DanteSInfernoPark,Dante's Inferno Park,"51.8915°N, 122.8702°W",Est. March 2013,376ha,375.5799259903875,2013-03-06,-122.87016742142345,51.89151699078725
DenmanIslandPark,Denman Island Park,"49.5592°N, 124.8067°W",Est. March 2013,561ha,561.1376444458837,2013-03-21,-124.80672056701044,49.559169850989406
DonnelyLakePark,Donnely Lake Park,"51.7509°N, 120.6715°W",Est. March 2013,814ha,814.1475627951955,2013-03-06,-120.67149742798281,51.75085656234278
DragonMountainPark,Dragon Mountain Park,"52.8807°N, 122.3575°W",Est. March 2013,"1,773ha",1772.8815810526144,2013-03-06,-122.35750626103619,52.880713298341
ElevenSistersPark,Eleven Sisters Park,"51.8506°N, 123.4981°W",Est. March 2013,"2,918ha",2917.9719115015087,2013-03-06,-123.49813125645905,51.85058471305268
FraserRiverBreaksPark,Fraser River Breaks Park,"52.2006°N, 122.2881°W",Est. March 2013,883ha,883.4310964561653,2013-03-06,-122.28806567736454,52.200601614829985
LongCreekPark,Long Creek Park,"52.6974°N, 121.0303°W",Est. March 2013,157ha,156.7088440415957,2013-03-06,-121.03025686983935,52.697352048314485
PattersonLakePark,Patterson Lake Park,"51.8821°N, 124.6597°W",Est. March 2013,"1,588ha",1587.6309402392797,2013-03-06,-124.65966819158531,51.88208079371064
QuesnelLakePark,Quesnel Lake Park,"52.5815°N, 121.0368°W",Est. March 2013,992ha,992.4365589286391,2013-03-06,-121.03675509198784,52.581511509058224
RedbrushPark,Redbrush Park,"52.2845°N, 124.3274°W",Est. March 2013,"1,165ha",1165.124633307822,2013-03-06,-124.32735028768627,52.28447433543103
TitetownPark,Titetown Park,"53.2843°N, 123.7411°W",Est. March 2013,"1,070ha",1069.8226453453942,2013-03-06,-123.74112968675372,53.2842593725897
RainbowQIwentemPark,Rainbow/Q'iwentem Park,"51.6303°N, 120.7999°W",Est. March 2013,386ha,385.54147622544656,2013-03-06,-120.79985503508874,51.63033576537645
LacDuBoisGrasslandsProtectedArea,Lac du Bois Grasslands Protected Area,"50.7765°N, 120.4611°W",Est. April 1996,"15,677ha",15677.444774051894,1996-04-30,-120.4610660824363,50.77652929769278
LanzAndCoxIslandsPark,Lanz and Cox Islands Park,"50.8082°N, 128.6449°W",Est. July 1995,"1,947ha",1946.7603589801245,1995-07-12,-128.64489659580195,50.80818832050976
ShuswapLakePark,Shuswap Lake Park,"50.9095°N, 119.4243°W",Est. November 1956,154ha,154.05950475447435,1956-11-14,-119.42430966602413,50.90952798396789
ShuswapLakeMarineParkAlbasSite,Shuswap Lake Marine Park,"51.2036°N, 119.0092°W",Est. May 1980,163ha,163.3900181923514,1980-05-09,-119.00920762847555,51.203645935394896
ShuswapLakeMarineParkMarblePointSite,Shuswap Lake Marine Park,"50.9158°N, 119.03°W",Est. May 1980,166ha,165.7618636245819,1980-05-09,-119.03002022230419,50.915779779731835
SikanniChiefRiverEcologicalReserve,Sikanni Chief River Ecological Reserve,"57.2859°N, 124.1222°W",Est. May 1973,"2,176ha",2176.3292336353297,1973-05-29,-124.12219358999941,57.28587205665455
SilverBeachPark,Silver Beach Park,"51.2397°N, 118.9574°W",Est. September 1969,149ha,149.08055959259997,1969-09-18,-118.95744075218224,51.2397220580549
SilverLakePark,Silver Lake Park,"49.3151°N, 121.4122°W",Est. February 1964,111ha,111.31571165911295,1964-02-14,-121.41218224091125,49.31513824301922
SilverStarPark,Silver Star Park,"50.3768°N, 119.0833°W",Est. March 1989,"5,574ha",5574.402986856709,1989-03-21,-119.08334831538033,50.376843535634606
SimsonPark,Simson Park,"49.4823°N, 123.9654°W",Est. March 1986,475ha,475.08841707942355,1986-03-19,-123.96536952389445,49.482316246321666
SkeenaRiverEcologicalReserve,Skeena River Ecological Reserve,"54.3196°N, 129.3127°W",Est. June 1975,332ha,331.61154479765736,1975-06-16,-129.31273113123524,54.31960095069979
SkihistPark,Skihist Park,"50.2431°N, 121.5154°W",Est. March 1956,386ha,385.8404074011715,1956-03-16,-121.51541250427177,50.24310199927973
SkwahaLakeEcologicalReserve,Skwaha Lake Ecological Reserve,"50.4068°N, 121.5011°W",Est. February 1978,850ha,849.7617554131135,1978-02-10,-121.50105915769717,50.40683835005719
SmallInletMarinePark,Small Inlet Marine Park,"50.255°N, 125.2827°W",Est. April 1996,755ha,754.6163185898246,1996-04-30,-125.28268171851434,50.25502585601966
SmithRiverEcologicalReserve,Smith River Ecological Reserve,"59.6776°N, 126.5245°W",Est. December 1977,"1,390ha",1390.2537451606165,1977-12-15,-126.52454909576775,59.677646309803364
SoapLakeEcologicalReserve,Soap Lake Ecological Reserve,"50.3781°N, 121.3149°W",Est. May 1971,937ha,936.5959815774702,1971-05-04,-121.31491884258865,50.378050945519306
SookeMountainPark,Sooke Mountain Park,"48.4388°N, 123.6573°W",Est. June 1928,451ha,451.1153673856537,1928-06-25,-123.65733996547388,48.43876930995667
SouthTexadaIslandPark,South Texada Island Park,"49.5199°N, 124.1751°W",Est. July 1997,"1,095ha",1095.1223958644864,1997-07-28,-124.17508558541458,49.51989183240521
StagleapPark,Stagleap Park,"49.0586°N, 117.0478°W",Est. August 1964,"1,203ha",1202.7277978738646,1964-08-17,-117.04781256991845,49.05859054089367
StuartLakePark,Stuart Lake Park,"54.6232°N, 124.6444°W",Est. August 1971,344ha,343.9597078584609,1971-08-30,-124.64436341698658,54.623182794923274
SugarbowlGrizzlyDenPark,Sugarbowl-Grizzly Den Park,"53.8336°N, 121.5966°W",Est. June 2000,"20,319ha",20318.98384185018,2000-06-29,-121.59661580032416,53.833625299093136
SunbeamCreekEcologicalReserve,Sunbeam Creek Ecological Reserve,"53.352°N, 120.1142°W",Est. June 1972,508ha,507.8618031966422,1972-06-02,-120.11419547954658,53.351952214073314
SurgeNarrowsPark,Surge Narrows Park,"50.2331°N, 125.1489°W",Est. April 1996,207ha,206.5290003758974,1996-04-30,-125.1489219445414,50.233082590882304
SwanLakeKispioxRiverPark,Swan Lake Kispiox River Park,"55.884°N, 128.577°W",Est. April 1996,"62,303ha",62303.372080025176,1996-04-30,-128.57696709066175,55.88401111519729
SydneyInletPark,Sydney Inlet Park,"49.4838°N, 126.2854°W",Est. July 1995,"1,990ha",1989.5077654720296,1995-07-12,-126.28536401924647,49.48384163936566
SyringaPark,Syringa Park,"49.3789°N, 117.9028°W",Est. November 1968,"4,535ha",4534.538354641383,1968-11-19,-117.90279739377958,49.37885868399823
TacheedaLakesEcologicalReserve,Tacheeda Lakes Ecological Reserve,"54.6755°N, 122.5097°W",Est. September 1972,504ha,503.86186810069967,1972-09-01,-122.50967188225393,54.6754709900501
TahsishKwoisPark,Tahsish-Kwois Park,"50.1897°N, 127.1617°W",Est. July 1995,"10,985ha",10985.14322206084,1995-07-12,-127.16172334746162,50.18973214586015
TaklaLakeEcologicalReserve,Takla Lake Ecological Reserve,"55.3247°N, 125.8072°W",Est. June 1972,240ha,239.89095649678865,1972-06-02,-125.80723267604068,55.324697841773535
TantalusPark,Tantalus Park,"49.8259°N, 123.2898°W",Est. December 1998,"11,425ha",11425.312661287,1998-12-09,-123.28980654646924,49.82590338838954
TaweelPark,Taweel Park,"51.6391°N, 120.3677°W",Est. April 1996,"4,378ha",4377.771824780704,1996-04-30,-120.36765832139949,51.63907437452986
TeakerneArmPark,Teakerne Arm Park,"50.2028°N, 124.8428°W",Est. August 1989,125ha,125.159489173051,1989-08-10,-124.842813808568,50.20275795228109
TenMileLakePark,Ten Mile Lake Park,"53.0704°N, 122.4427°W",Est. February 1962,343ha,342.7960018969512,1962-02-05,-122.4426680216787,53.07036080946701
TetrahedronPark,Tetrahedron Park,"49.5988°N, 123.5848°W",Est. July 1995,"6,054ha",6053.544599026063,1995-07-12,-123.58475147324044,49.59876472880897
ThreeSistersLakePark,Three Sisters Lakes Park,"53.5355°N, 122.5302°W",Est. June 2000,969ha,968.7096176056687,2000-06-29,-122.53019833289405,53.53552333788173
ThurstonBayMarinePark,Thurston Bay Marine Park,"50.3666°N, 125.3215°W",Est. April 1970,321ha,321.2364222777384,1970-04-23,-125.32151364738615,50.36655473964449
ToadRiverHotspringsPark,Toad River Hot Springs Park,"58.9257°N, 125.0825°W",Est. June 1999,414ha,413.7027703429431,1999-06-29,-125.08245054344755,58.92565238029388
TopOfTheWorldPark,Top of the World Park,"49.8508°N, 115.4078°W",Est. April 1973,"8,746ha",8745.592392955805,1973-04-09,-115.40781863670749,49.850809614181095
TorkelsenLakeEcologicalReserve,Torkelsen Lake Ecological Reserve,"55.1263°N, 126.6607°W",Est. December 1975,158ha,158.20834647164176,1975-12-04,-126.66072801941762,55.12630296414552
TranquilCreekPark,Tranquil Creek Park,"49.3157°N, 125.621°W",Est. July 1995,298ha,297.6111762921557,1995-07-12,-125.62099814363789,49.31569646339933
TranquilleEcologicalReserve,Tranquille Ecological Reserve,"50.7581°N, 120.5757°W",Est. October 1971,233ha,233.4161890375909,1971-10-12,-120.57570698340548,50.75809377422082
TsintsunkoLakesPark,Tsintsunko Lakes Park,"51.0579°N, 120.482°W",Est. April 1996,353ha,352.9294241055279,1996-04-30,-120.48203921547086,51.05789368143872
TsitikaRiverEcologicalReserve,Tsikita River Ecological Reserve,"50.3168°N, 126.422°W",Est. August 1989,125ha,124.88793321007634,1989-08-10,-126.42203019220622,50.316759391762055
TunkwaPark,Tunkwa Park,"50.6152°N, 120.8869°W",Est. April 1996,"5,164ha",5163.874020486245,1996-04-30,-120.88692158402756,50.61521086221508
UnionPassageMarinePark,Union Passage Marine Park,"53.4115°N, 129.4388°W",Est. June 1993,"1,017ha",1017.2467485799676,1993-06-14,-129.4388494728583,53.411492279679635
UpperAdamsRiverPark,Upper Adams River Park,"51.6869°N, 119.2219°W",Est. April 1996,"5,885ha",5885.303983309417,1996-04-30,-119.22189961956441,51.686916183028046
UpperLillooetPark,Upper Lillooet Park,"50.6703°N, 123.6163°W",Est. July 1997,"19,522ha",19521.85859682818,1997-07-28,-123.61629973232185,50.670339094425486
UpperRaushProtectedArea,Upper Raush Protected Area,"52.9585°N, 119.9871°W",Est. January 2001,"5,580ha",5580.391315648013,2001-01-25,-119.98706752683665,52.95846937850196
ValhallaPark,Valhalla Park,"49.8735°N, 117.5681°W",Est. March 1983,"49,828ha",49828.211379189524,1983-03-03,-117.56810469612802,49.87354634094644
VargasIslandPark,Vargas Island Park,"49.1811°N, 126.0044°W",Est. July 1995,"1,545ha",1544.5065104332778,1995-07-12,-126.00440110284819,49.1810648157173
WasaLakePark,Wasa Lake Park,"49.7874°N, 115.7358°W",Est. October 1955,148ha,148.13433160135182,1955-10-04,-115.7357933624113,49.78741369756377
WendlePark,Wendle Park,"53.1203°N, 121.5065°W",Est. April 1941,207ha,207.49232266334744,1941-04-17,-121.50650518619358,53.120284782538
WestArmPark,West Arm Park,"49.5047°N, 117.1138°W",Est. July 1995,"26,323ha",26322.80701727843,1995-07-12,-117.1138401639987,49.50474613272513
WestLakePark,West Lake Park,"53.7364°N, 122.8608°W",Est. January 1981,259ha,259.0030408202704,1981-01-30,-122.86079676765547,53.73642684770574
WhiteLakePark,White Lake Park,"50.8885°N, 119.2448°W",Est. February 1965,266ha,265.72100681003604,1965-02-09,-119.24477175066795,50.8884798464712
WhiteswanLakePark,Whiteswan Lake Park,"50.1447°N, 115.488°W",Est. August 1978,"2,256ha",2255.839405899716,1978-08-02,-115.48804788770668,50.14467448666386
WilliamsCreekEcologicalReserve,Williams Creek Ecological Reserve,"54.3696°N, 128.244°W",Est. August 1985,700ha,699.670278434919,1985-08-29,-128.2440178134502,54.36960274212651
WoodleyRangeEcologicalReserve,Woodley Range Ecological Reserve,"49.0257°N, 123.8221°W",Est. April 1996,158ha,158.14881554320723,1996-04-30,-123.82214542228904,49.025690882137184
WossLakePark,Woss Lake Park,"50.0609°N, 126.6267°W",Est. July 1995,"6,527ha",6526.774182936998,1995-07-12,-126.62668148352012,50.060861187156476
YardCreekPark,Yard Creek Park,"50.9014°N, 118.8208°W",Est. March 1956,175ha,175.4249581724894,1956-03-16,-118.82076299009624,50.90143932027778
LiumchenEcologicalReserve,Liumchen Ecological Reserve,"49.0134°N, 121.9065°W",Est. December 1998,"2,162ha",2162.0145297269273,1998-12-09,-121.90649562302292,49.01339429056693
BabineRiverCorridorPark,Babine River Corridor Park,"55.5918°N, 127.0496°W",Est. June 1999,"15,371ha",15371.421640464447,1999-06-29,-127.04955990199056,55.591779670087234
BrackendaleEaglesPark,Brackendale Eagles Park,"49.7564°N, 123.1664°W",Est. June 1999,764ha,764.4884467446985,1999-06-29,-123.16637986184503,49.75642746914165
FingerTatukPark,Finger-Tatuk Park,"53.5146°N, 124.225°W",Est. June 1999,"17,145ha",17145.381042840447,1999-06-29,-124.22496819592754,53.51463955623984
FrancoisLakePark,Francois Lake Park,"53.9721°N, 125.1652°W",Est. June 1999,"7,217ha",7217.360271407877,1999-06-29,-125.16518271111525,53.97213570994292
CapeScottPark,Cape Scott Park,"50.7746°N, 128.2069°W",Est. May 1973,"17,112ha",17112.36242589004,1973-05-18,-128.20694037787112,50.774592118581744
CaribooRiverPark,Cariboo River Park,"52.8672°N, 121.2252°W",Est. July 1995,"3,146ha",3145.7249853459366,1995-07-12,-121.22516866570516,52.86718014195975
CarmanahWalbranPark,Carmanah Walbran Park,"48.6536°N, 124.6314°W",Est. March 1991,"16,364ha",16364.483113934824,1991-03-13,-124.63135567799006,48.65355390966717
CarpLakePark,Carp Lake Park,"54.7718°N, 123.3843°W",Est. May 1973,"38,219ha",38218.94856048143,1973-05-18,-123.38425201916796,54.7717546050492
CatalaIslandMarinePark,Catala Island Marine Park,"49.8372°N, 127.0524°W",Est. July 1995,259ha,258.8989915897174,1995-07-12,-127.05242177642107,49.83720581087872
CecilLakeEcologicalReserve,Cecil Lake Ecological Reserve,"56.3992°N, 120.5246°W",Est. August 1973,130ha,129.5338798192148,1973-08-10,-120.52459280962759,56.39917802402605
ChampionLakesPark,Champion Lakes Park,"49.1841°N, 117.6239°W",Est. March 1955,"1,453ha",1452.8976089340679,1955-03-12,-117.6238780982058,49.18409463095407
CharlieColeCreekEcologicalReserve,Charlie Cole Creek Ecological Reserve,"59.4176°N, 131.8945°W",Est. March 1981,199ha,199.0061814234271,1981-03-09,-131.89449166936132,59.417550246246016
CharlieLakePark,Charlie Lake Park,"56.3114°N, 120.9961°W",Est. May 1964,176ha,176.27047562500672,1964-05-20,-120.99609084558494,56.31136852934472
ChasmEcologicalReserve,Chasm Ecological Reserve,"51.2262°N, 121.4977°W",Est. June 1975,197ha,196.761968224553,1975-06-12,-121.49769390461245,51.226200573125944
CheclesetBayEcologicalReserve,Checleset Bay Ecological Reserve,"50.0989°N, 127.5594°W",Est. December 1981,465ha,465.0942209562395,1981-12-10,-127.55936195684869,50.0989193197962
ChemainusRiverPark,Chemainus River Park,"48.8407°N, 123.8253°W",Est. December 1959,118ha,118.39166173667552,1959-12-30,-123.82532939218693,48.84074998112316
ChickensNeckMountainEcologicalReserve,Chickens Neck Mountain Ecological Reserve,"58.9259°N, 129.9301°W",Est. February 1975,497ha,496.91904503973154,1975-02-06,-129.93013759536973,58.92594651256718
ChuChuaCottonwoodPark,Chu Chua Cottonwood Park,"51.3396°N, 120.1704°W",Est. April 1996,108ha,107.62049752123824,1996-04-30,-120.17041638901158,51.33961279152805
ChunamonCreekEcologicalReserve,Chunamon Creek Ecological Reserve,"56.2218°N, 124.439°W",Est. November 1981,344ha,343.981108895968,1981-11-20,-124.4389641246075,56.22177294731358
CinnemousunNarrowsPark,Cinnemousun Narrows Park,"50.9927°N, 119.0146°W",Est. April 1956,579ha,578.6203107588478,1956-04-27,-119.01458763015698,50.99265138388363
ClaudElliottCreekEcologicalReserve,Claud Elliott Creek Ecological Reserve,"50.3249°N, 126.563°W",Est. August 1989,233ha,232.55013520297283,1989-08-10,-126.56298584314096,50.32486696114952
ClaudElliottLakePark,Claud Elliott Lake Park,"50.3154°N, 126.5513°W",Est. July 1995,328ha,327.9042611676362,1995-07-12,-126.5513467386363,50.31543842741228
ClayhurstEcologicalReserve,Clayhurst Ecological Reserve,"56.1418°N, 120.0205°W",Est. May 1971,400ha,399.8783957841326,1971-05-04,-120.0204869332961,56.14181814364619
ClayoquotArmPark,Clayoquot Arm Park,"49.1735°N, 125.5598°W",Est. July 1995,"3,556ha",3555.885085141217,1995-07-12,-125.55975490005886,49.17348703718159
ClendinningPark,Clendinning Park,"50.4303°N, 123.7341°W",Est. December 1998,"30,359ha",30359.434045382928,1998-12-09,-123.73410718329988,50.4303057155136
CodvilleLagoonMarinePark,Codville Lagoon Marine Park,"52.0606°N, 127.8495°W",Est. September 1992,520ha,519.8446280935318,1992-09-16,-127.8494524320273,52.06063757193371
ColumbiaLakePark,Columbia Lake Park,"50.2965°N, 115.8477°W",Est. January 1988,286ha,286.3751617997587,1988-01-07,-115.84769381594344,50.29650904037559
ConkleLakePark,Conkle Lake Park,"49.1706°N, 119.1016°W",Est. March 1973,725ha,724.7110760244734,1973-03-15,-119.10162260435979,49.170623159285626
CopelandIslandsMarinePark,Copeland Islands Marine Park,"50.0072°N, 124.8121°W",Est. July 1971,146ha,146.42648749312886,1971-07-29,-124.81210833077101,50.00723843486626
CoquihallaRiverPark,Coquihalla River Park,"49.4617°N, 121.2608°W",Est. May 1986,102ha,102.07597969779074,1986-05-15,-121.26078978863183,49.461706028548235
CoquihallaSummitRecreationArea,Coquihalla Summit Recreation Area,"49.5997°N, 121.0891°W",Est. September 1987,"5,759ha",5758.720923619573,1987-09-04,-121.08911446243815,49.59971112432777
CornwallHillsPark,Cornwall Hills Park,"50.6906°N, 121.4502°W",Est. May 2004,"1,236ha",1235.787398980242,2004-05-20,-121.45021960727094,50.69057480863362
CougarCanyonEcologicalReserve,Cougar Canyon Ecological Reserve,"50.1527°N, 119.3203°W",Est. December 1981,553ha,553.1641198322077,1981-12-10,-119.32028443697769,50.15270251344062
CowichanRiverPark,Cowichan River Park,"48.7816°N, 123.9266°W",Est. July 1995,"1,408ha",1408.2747280928943,1995-07-12,-123.92657050506064,48.78163872522345
CrookedRiverPark,Crooked River Park,"54.475°N, 122.6817°W",Est. October 1965,970ha,970.3843138747449,1965-10-05,-122.68168388854147,54.47496411866274
CultusLakePark,Cultus Lake Park,"49.0351°N, 121.9758°W",Est. February 1948,"2,731ha",2730.541919102928,1948-02-10,-121.9757958837838,49.03507232180634
CumminsLakesPark,Cummins Lakes Park,"52.1044°N, 118.0657°W",Est. July 1995,"21,827ha",21826.58120303083,1995-07-12,-118.06574087166483,52.104382672525496
CypressPark,Cypress Park,"49.4219°N, 123.2085°W",Est. October 1975,"2,862ha",2861.87959627439,1975-10-09,-123.20849265592344,49.421887484445506
DahlLakePark,Dahl Lake Park,"53.7744°N, 123.2973°W",Est. October 1981,"1,585ha",1584.6394302390736,1981-10-22,-123.29734427179895,53.774422398023745
DarkeLakePark,Darke Lake Park,"49.7223°N, 119.8583°W",Est. June 1943,"1,504ha",1504.1433817410066,1943-06-29,-119.85832398075723,49.72229621092627
DavisLakePark,Davis Lake Park,"49.2967°N, 122.2396°W",Est. August 1963,222ha,222.29673396915737,1963-08-17,-122.23956617507805,49.29670406899265
DesolationSoundMarinePark,Desolation Sound Marine Park,"50.1022°N, 124.6943°W",Est. May 1973,"5,431ha",5431.25300234923,1973-05-18,-124.69432695835052,50.10219087289611
DewdneyAndGlideIslandsEcologicalReserve,Dewdney and Glide Islands Ecological Reserve,"52.9844°N, 129.6113°W",Est. May 1971,"3,698ha",3698.4228580013155,1971-05-04,-129.6113011060774,52.984405519488355
DianaLakePark,Diana Lake Park,"54.228°N, 130.1622°W",Est. March 1980,252ha,252.36271422549217,1980-03-04,-130.16217439433328,54.22804152168703
DionisioPointPark,Dionisio Point Park,"49.0059°N, 123.5746°W",Est. July 1991,141ha,140.6846013729913,1991-07-31,-123.57462149284702,49.00588557229339
DixieCoveMarinePark,Dixie Cove Marine Park,"50.051°N, 127.1988°W",Est. April 1996,112ha,112.01470474433273,1996-04-30,-127.19881123672366,50.05097144888821
DowningPark,Downing Park,"51.0058°N, 121.7808°W",Est. July 1970,139ha,138.87293725853115,1970-07-09,-121.78078545296376,51.00578157767167
DrizzleLakeEcologicalReserve,Drizzle Lake Ecological Reserve,"53.9279°N, 132.071°W",Est. August 1973,813ha,813.0346316442291,1973-08-10,-132.07102314293112,53.92787550819257
DuckLakeProtectedArea,Duck Lake Protected Area,"49.8657°N, 124.4457°W",Est. January 2001,768ha,768.3579792554785,2001-01-25,-124.44569796999406,49.865728334177774
DuffeyLakePark,Duffey Lake Park,"50.431°N, 122.3064°W",Est. June 1993,"4,050ha",4050.322003595098,1993-06-14,-122.30638733362721,50.43100644044268
DunnPeakProtectedArea,Dunn Peak Park Protected Area,"51.4547°N, 119.9864°W",Est. April 1996,"19,439ha",19439.102683622925,1996-04-30,-119.9863800775088,51.45474574884148
EakinCreekFloodplainPark,Eakin Creek Floodplain Park,"51.4719°N, 120.3219°W",Est. April 1996,123ha,123.18842945551472,1996-04-30,-120.3218888627431,51.4718917899627
EastRedondaIslandEcologicalReserve,East Redonda Island Ecological Reserve,"50.2259°N, 124.6942°W",Est. May 1971,"6,184ha",6184.166832669022,1971-05-04,-124.69421533243641,50.22587548900496
EdgeHillsPark,Edge Hills Park,"51.035°N, 121.8708°W",Est. July 1995,"11,799ha",11798.857965533436,1995-07-12,-121.87077185650888,51.035024969530454
EkwanLakeProtectedArea,Ekwan Lake Protected Area,"58.5205°N, 120.6628°W",Est. January 2001,"1,743ha",1742.5835946880095,2001-01-25,-120.6627532130247,58.520453804146356
ElephantHillPark,Elephant Hill Park,"50.7604°N, 121.2775°W",Est. April 1996,968ha,968.4561498903521,1996-04-30,-121.2774902108047,50.760360434786335
ElkFallsPark,Elk Falls Park,"50.0407°N, 125.323°W",Est. December 1940,"1,055ha",1054.858270930439,1940-12-20,-125.32300175270719,50.04073371304294
EllisonPark,Ellison Park,"50.1746°N, 119.4324°W",Est. May 1962,221ha,220.63469023586595,1962-05-01,-119.43238092895805,50.17462142251037
EmarLakesPark,Emar Lakes Park,"51.4795°N, 120.3982°W",Est. April 1996,"1,618ha",1617.5478684746956,1996-04-30,-120.39819257641196,51.479501483610406
EneasLakesPark,Eneas Lakes Park,"49.7554°N, 119.9359°W",Est. May 1968,"1,036ha",1035.66833785109,1968-05-21,-119.93592634046148,49.75538312087767
EskersPark,Eskers Park,"54.0824°N, 123.2062°W",Est. December 1987,"4,047ha",4047.199059298984,1987-12-04,-123.20620109671788,54.08241083815779
EvansLakeEcologicalReserve,Evans Lake Ecological Reserve,"49.8596°N, 117.6988°W",Est. March 1972,164ha,164.04094210634906,1972-03-08,-117.69876605880353,49.85956438833567
FinnCreekPark,Finn Creek Park,"51.8967°N, 119.321°W",Est. April 1996,377ha,376.79697366835165,1996-04-30,-119.32102476013911,51.89668427965457
FlatLakePark,Flat Lake Park,"51.4998°N, 121.5198°W",Est. July 1995,"4,275ha",4274.952613575908,1995-07-12,-121.51984014368055,51.49980259652175
FloresIslandPark,Flores Island Park,"49.3106°N, 126.1937°W",Est. July 1995,"3,918ha",3917.9768406524636,1995-07-12,-126.19374566016081,49.31060371711492
FortNelsonRiverEcologicalReserve,Fort Nelson River Ecological Reserve,"58.9591°N, 122.509°W",Est. May 1975,158ha,157.85831949717112,1975-05-01,-122.50903060190396,58.959102699964326
FosterArmProtectedArea,Foster Arm Protected Area,"52.2936°N, 118.597°W",Est. January 2001,"1,020ha",1020.4944333276641,2001-01-25,-118.5970230426409,52.29357146895829
FraserRiverEcologicalReserve,Fraser River Ecological Reserve,"49.1741°N, 122.0188°W",Est. February 1977,177ha,177.1071406168813,1977-02-24,-122.01880162700722,49.17406551587663
FraserRiverPark,Fraser River Park,"53.4844°N, 122.7251°W",Est. June 2000,"4,903ha",4902.744144092187,2000-06-29,-122.72508933566442,53.48439906626963
GambleCreekEcologicalReserve,Gamble Creek Ecological Reserve,"54.2049°N, 130.0221°W",Est. March 1991,970ha,969.9061931704875,1991-03-28,-130.02207543950738,54.20490590312802
GibsonMarinePark,Gibson Marine Park,"49.2637°N, 126.0733°W",Est. November 1967,143ha,142.6686376674513,1967-11-30,-126.07329019093605,49.26365269900495
GilnockiePark,Gilnockie Park,"49.0849°N, 115.6571°W",Est. July 1995,"2,815ha",2814.8656697996666,1995-07-12,-115.65710964615187,49.08485478599287
GingietlCreekEcologicalReserve,Gingietl Creek Ecological Reserve,"55.2095°N, 129.2915°W",Est. August 1985,"2,690ha",2690.2503883743993,1985-08-29,-129.29150087659409,55.209486244007884
GladstonePark,Gladstone Park,"49.2694°N, 118.2688°W",Est. July 1995,"39,501ha",39500.682447067906,1995-07-12,-118.26882488598643,49.26938708919233
GoatRangePark,Goat Range Park,"50.2881°N, 117.2702°W",Est. July 1995,"79,102ha",79101.58653352463,1995-07-12,-117.27021398486491,50.28812920067865
GodSPocketMarinePark,God's Pocket Marine Park,"50.8376°N, 127.5668°W",Est. July 1995,550ha,550.0427607447679,1995-07-12,-127.56676871391493,50.8376007554599
GoldMuchalatPark,Gold Muchalat Park,"49.8665°N, 126.1012°W",Est. April 1996,645ha,644.6505677581197,1996-04-30,-126.10124654580049,49.86648175105625
GoldstreamPark,Goldstream Park,"48.4737°N, 123.5485°W",Est. June 1958,456ha,455.7595434844316,1958-06-26,-123.54851003046788,48.473690840277754
GoosegrassCreekEcologicalReserve,Goosegrass Creek Ecological Reserve,"51.9976°N, 118.2569°W",Est. December 1974,"2,701ha",2700.510722132267,1974-12-23,-118.25691747215214,51.997582980520924
GordonBayPark,Gordon Bay Park,"48.8334°N, 124.2014°W",Est. September 1969,104ha,103.80867553588014,1969-09-18,-124.20140994835768,48.833378062144526
GowllandTodPark,Gowlland Tod Park,"48.5411°N, 123.511°W",Est. July 1995,955ha,955.2625060727412,1995-07-12,-123.51103098325292,48.54114990222728
GrahamLaurierPark,Graham-Laurier Park,"56.5976°N, 123.4704°W",Est. June 1999,"99,982ha",99981.62771637713,1999-06-29,-123.47039168164204,56.597622311622914
GranbyPark,Granby Park,"49.7444°N, 118.4802°W",Est. July 1995,"41,169ha",41168.61462236069,1995-07-12,-118.48023266429918,49.744425146050396
GreenLakeParkSunsetViewSite,Green Lake Park,"51.4101°N, 121.1942°W",Est. July 1975,117ha,117.31804765988156,1975-07-10,-121.19417398669852,51.41006297914423
GreenstoneMountainPark,Greenstone Mountain Park,"50.612°N, 120.6453°W",Est. July 1997,117ha,116.91491775243958,1997-07-28,-120.64532662645165,50.611982294836565
GwillimLakePark,Gwillim Lake Park,"55.4218°N, 121.2797°W",Est. November 1981,"32,458ha",32458.023891293557,1981-11-26,-121.27973676508077,55.42182052665843
HaThayimMarinePark,H?THAYIM MARINE PARK [a.k.a. Von Donop Marine Park],"50.1723°N, 124.9553°W",Est. December 1993,"1,039ha",1038.9448501292243,1993-12-02,-124.95527714230474,50.172330727587344
HaleyLakeEcologicalReserve,Haley Lake Ecological Reserve,"49.0136°N, 124.3149°W",Est. February 1987,893ha,892.831070867054,1987-02-18,-124.31493939131528,49.0136075050769
HalkettBayMarinePark,Halkett Bay Park,"49.458°N, 123.3313°W",Est. June 1988,293ha,292.85419112817135,1988-06-16,-123.33125450942458,49.458039268244804
HarbourDudgeonLakesPark,Harbour-Dudgeon Lakes Park,"51.5726°N, 119.1569°W",Est. April 1996,357ha,356.51974490424914,1996-04-30,-119.1569432109308,51.57264300419343
HarryLakeAspenPark,Harry Lake Aspen Park,"50.7924°N, 121.5425°W",Est. April 1996,327ha,327.20714606123266,1996-04-30,-121.54250211156618,50.79244103002574
HayRiverProtectedArea,Hay River Protected Area,"58.6889°N, 120.3189°W",Est. January 2001,"2,324ha",2323.797867776821,2001-01-25,-120.31886401009758,58.688878570176456
HeatherLakeEcologicalReserve,Heather Lake Ecological Reserve,"55.5157°N, 123.2522°W",Est. February 1978,284ha,283.72629391620075,1978-02-10,-123.25218771049549,55.51565231469011
HeightOfTheRockiesPark,Height of the Rockies Park,"50.49°N, 115.2299°W",Est. July 1995,"54,168ha",54168.170895464566,1995-07-12,-115.22993213108543,50.48999223254052
HemerPark,Hemer Park,"49.0993°N, 123.8314°W",Est. May 1981,110ha,109.67555412348209,1981-05-08,-123.83137333143333,49.09932171108181
HesquiatPeninsulaPark,Hesquiat Peninsula Park,"49.4382°N, 126.522°W",Est. July 1995,"6,560ha",6560.274163069694,1995-07-12,-126.52195408215483,49.43815877002829
HighLakesBasinPark,High Lakes Basin Park,"51.3821°N, 120.4192°W",Est. April 1996,570ha,570.0320620755981,1996-04-30,-120.41918288290623,51.382054247812775
HitchieCreekPark,Hitchie Creek Park,"48.7955°N, 124.7399°W",Est. July 1995,238ha,237.91244684215243,1995-07-12,-124.73994300954297,48.79548304316419
HomathkoRiverTatlayokoProtectedArea,Homathko River-Tatlayoko Protected Area,"51.4242°N, 124.7462°W",Est. February 1996,"35,566ha",35566.34529703687,1996-02-14,-124.7461633149489,51.424165057767894
HornelineCreekPark,Horneline Creek Park,"59.0011°N, 127.2836°W",Est. June 1999,298ha,298.14913726779395,1999-06-29,-127.2835746480688,59.00105495371051
HorseflyLakePark,Horsefly Lake Park,"52.389°N, 121.287°W",Est. August 1974,185ha,184.95662100120782,1974-08-15,-121.28704128882002,52.389034345815006
SayNuthKhawYumParkAKAIndianArmPark,Say Nuth Khaw Yum Park [a.k.a. Indian Arm Park],"49.4307°N, 122.8523°W",Est. July 1995,"6,692ha",6692.37950656434,1995-07-13,-122.85225831559511,49.43069889584944
JedediahIslandMarinePark,Jedediah Island Marine Park,"49.4987°N, 124.2026°W",Est. September 1995,293ha,293.1423460598258,1995-09-15,-124.20257111104885,49.498675248259644
JoffreLakesPark,Joffre Lakes Park,"50.3441°N, 122.4779°W",Est. January 1988,"1,488ha",1488.424447889089,1988-01-07,-122.47787381707795,50.344146850698984
LauwelnewJohnDeanPark,John Dean Park,"48.6147°N, 123.4482°W",Est. December 1921,175ha,174.96749826779464,1921-12-09,-123.44821112922544,48.614656226124126
JuanDeFucaPark,Juan De Fuca Park,"48.4917°N, 124.2935°W",Est. April 1996,"1,351ha",1350.7528786895798,1996-04-04,-124.29345386023867,48.491686882067675
JunctionSheepRangePark,Junction Sheep Range Park,"51.8019°N, 122.4326°W",Est. July 1995,"4,778ha",4778.047280397648,1995-07-12,-122.43259645559324,51.80189294931643
JuniperBeachPark,Juniper Beach Park,"50.7882°N, 121.0852°W",Est. June 1989,248ha,247.93771621241925,1989-06-15,-121.08523918089294,50.78815019331516
KalamalkaLakePark,Kalamalka Lake Park,"50.1774°N, 119.2728°W",Est. September 1975,"3,218ha",3218.1069917053937,1975-09-11,-119.27282269977033,50.1773825722142
KennedyLakePark,Kennedy Lake Park,"49.0472°N, 125.5613°W",Est. July 1995,241ha,240.6077315827896,1995-07-12,-125.56129505442571,49.047206864525094
KentuckyAlleynePark,Kentucky-Alleyne Park,"49.9134°N, 120.5687°W",Est. March 1981,190ha,190.3921043203864,1981-03-05,-120.56867820144898,49.91344187642345
KettleRiverRecreationArea,Kettle River Recreation Area,"49.1091°N, 118.9841°W",Est. July 1972,177ha,177.40858096977786,1972-07-06,-118.98408239210991,49.1090540288575
KianukoPark,Kianuko Park,"49.4217°N, 116.4564°W",Est. July 1995,"11,658ha",11658.307687239743,1995-07-12,-116.45642943072683,49.42170188057453
KinaskanLakePark,Kinaskan Lake Park,"57.4975°N, 130.2343°W",Est. December 1987,"1,863ha",1862.9325083800982,1987-12-04,-130.234274894078,57.49746369233586
KingcomeRiverAtlatziRiverEcologicalReserve,Kingcome River/Atlatzi River Ecological Reserve,"51.0487°N, 126.1416°W",Est. July 1972,384ha,383.69523786657226,1972-07-27,-126.1416280774735,51.04866322053621
KingfisherCreekEcologicalReserve,Kingfisher Creek Ecological Reserve,"50.7993°N, 118.7762°W",Est. June 1973,"1,496ha",1495.695706790303,1973-06-07,-118.77624410817762,50.799277830399944
KitwangaMountainPark,Kitwanga Mountain Park,"55.1129°N, 128.1587°W",Est. July 1997,717ha,717.19788612057,1997-07-28,-128.15873734828907,55.11289246005575
KlaskishRiverEcologicalReserve,Klaskish River Ecological Reserve,"50.2684°N, 127.7149°W",Est. July 1990,122ha,122.10703010754717,1990-07-05,-127.71490994533772,50.26839330931163
KleanzaCreekPark,Kleanza Creek Park,"54.597°N, 128.396°W",Est. March 1956,220ha,220.11636520265927,1956-03-16,-128.39603670554288,54.59702814418274
KluskoilLakePark,Kluskoil Lake Park,"53.203°N, 123.892°W",Est. July 1995,"15,697ha",15697.290342301649,1995-07-12,-123.89202547385005,53.20295634937023
KokaneeCreekPark,Kokanee Creek Park,"49.6069°N, 117.1217°W",Est. April 1955,218ha,218.37810166370951,1955-04-05,-117.12169062180858,49.60691975341278
KokaneeGlacierPark,Kokanee Glacier Park,"49.7818°N, 117.1362°W",Est. February 1922,"31,905ha",31904.95091888982,1922-02-06,-117.13618713593003,49.781753693233284
KoksilahRiverPark,Koksilah River Park,"48.6492°N, 123.7315°W",Est. May 1959,208ha,207.62985211997096,1959-05-10,-123.73153072862789,48.64916882047237
KootenayLakeParkMidgeCreekSite,Kootenay Lake Park,"49.3732°N, 116.8097°W",Est. December 1987,225ha,224.52788406881584,1987-12-04,-116.80971923606121,49.37323177317051
LacLeJeunePark,Lac Le Jeune Park,"50.481°N, 120.4734°W",Est. March 1956,186ha,186.09996430460237,1956-03-16,-120.47340723697623,50.480977412118605
YellowpointBogEcologicalReserve,Yellow Point Bog Ecological Reserve,"49.0532°N, 123.7842°W",Est. April 1996,138ha,137.51851831132586,1996-04-30,-123.78423809008932,49.053243039184956
LakelseLakePark,Lakelse Lake Park,"54.3966°N, 128.5338°W",Est. March 1956,353ha,353.22534752923565,1956-03-16,-128.53376134870484,54.39661780397661
LasquetiIslandEcologicalReserve,Lasqueti Island Ecological Reserve,"49.4629°N, 124.2894°W",Est. May 1971,217ha,217.01410208149505,1971-05-04,-124.28936087508603,49.46288758099467
LawnPointPark,Lawn Point Park,"50.3371°N, 127.9671°W",Est. April 1996,522ha,521.7963360450186,1996-04-30,-127.96706935788922,50.33708542851916
LewCreekEcologicalReserve,Lew Creek Ecological Reserve,"50.5345°N, 117.4428°W",Est. March 1972,897ha,897.133596976213,1972-03-08,-117.44278337636665,50.53448917864165
LilyPadLakeEcologicalReserve,Lily Pad Lake Ecological Reserve,"50.1404°N, 118.9749°W",Est. May 1971,101ha,101.1578591232772,1971-05-04,-118.9748712946088,50.14043067246477
LittleQualicumFallsPark,Little Qualicum Falls Park,"49.296°N, 124.5905°W",Est. December 1940,459ha,459.202308313001,1940-12-20,-124.59054517880884,49.29601324361651
LockhartCreekPark,Lockhart Creek Park,"49.4973°N, 116.705°W",Est. July 1995,"3,734ha",3734.4390843753545,1995-07-12,-116.70503157208998,49.4973256208577
LowerNimpkishPark,Lower Nimpkish Park,"50.5368°N, 127.0094°W",Est. July 1995,238ha,238.05765935302614,1995-07-12,-127.00939964845195,50.536753109579415
LowerRaushProtectedArea,Lower Raush Protected Area,"53.1445°N, 120.0356°W",Est. January 2001,"1,279ha",1279.1485006950725,2001-01-25,-120.03556298550886,53.14450078693766
MabelLakePark,Mabel Lake Park,"50.4588°N, 118.7251°W",Est. December 1972,193ha,193.27288123697838,1972-12-21,-118.72509085976131,50.45879361561908
MackinnonEskerEcologicalReserve,Mackinnon Esker Ecological Reserve,"54.8289°N, 123.5773°W",Est. June 1972,536ha,536.2519252260561,1972-06-02,-123.57732416256285,54.828874946106694
MainLakePark,Main Lake Park,"50.2096°N, 125.2149°W",Est. April 1996,"3,530ha",3529.6629845426723,1996-04-30,-125.21487907991163,50.20960422094814
MaraMeadowsEcologicalReserve,Mara Meadows Ecological Reserve,"50.69°N, 119.1134°W",Est. September 1972,178ha,177.78521308080036,1972-09-01,-119.11338117905011,50.68999050132103
MarbleCanyonPark,Marble Canyon Park,"50.8639°N, 121.7173°W",Est. March 1956,"2,544ha",2544.250444009177,1956-03-23,-121.71728946772866,50.86393667526782
MarbleRangePark,Marble Range Park,"51.1722°N, 121.8274°W",Est. July 1995,"19,235ha",19235.44819515105,1995-07-12,-121.82740759381517,51.172239872438546
MarbleRiverPark,Marble River Park,"50.5413°N, 127.5168°W",Est. July 1995,"1,055ha",1054.5295716509866,1995-07-12,-127.5168481786049,50.541339859616166
MaxhamishLakePark,Maxhamish Lake Park,"59.836°N, 123.257°W",Est. August 1983,605ha,605.2607945325963,1983-08-24,-123.25697325893844,59.83600759735132
McconnellLakePark,McConnell Lake Park,"50.5226°N, 120.4591°W",Est. April 1996,109ha,108.74371718912379,1996-04-30,-120.45910961200109,50.52262957987286
McdonaldCreekPark,McDonald Creek Park,"50.1423°N, 117.8133°W",Est. April 1982,459ha,458.8311979032462,1982-04-28,-117.81333137456579,50.142322125625874
MeridianRoadVanderhoofEcologicalReserve,Meridian Road (Vanderhoof) Ecological Reserve,"53.6521°N, 124.017°W",Est. December 1977,262ha,261.7455064235828,1977-12-15,-124.0169744345681,53.652068901844856
MilliganHillsPark,Milligan Hills Park,"57.485°N, 120.2297°W",Est. June 1999,"7,828ha",7827.9963621702955,1999-06-29,-120.22971446097088,57.48495222382009
MiracleBeachPark,Miracle Beach Park,"49.8456°N, 125.0977°W",Est. October 1950,109ha,109.46301741293473,1950-10-16,-125.09771781314551,49.84564756133983
MoberlyLakePark,Moberly Lake Park,"55.8074°N, 121.694°W",Est. May 1966,104ha,103.57529035126939,1966-05-31,-121.69400638277565,55.807393955946395
MomichLakesPark,Momich Lakes Park,"51.3273°N, 119.3537°W",Est. April 1996,"1,605ha",1604.9221263626132,1996-04-30,-119.35367215020035,51.32732490543267
MonasheePark,Monashee Park,"50.5427°N, 118.2648°W",Est. June 1962,"22,665ha",22665.21085132107,1962-06-01,-118.26484946934688,50.54271579587045
MonckPark,Monck Park,"50.1753°N, 120.5384°W",Est. September 1951,118ha,118.41356424148341,1951-09-28,-120.53842654743994,50.17531144941316
MonkmanPark,Monkman Park,"54.5483°N, 121.1724°W",Est. July 1981,"63,119ha",63119.190731952964,1981-07-30,-121.17238391343876,54.54825788934351
MooreMckennyWhitmoreIslandsEcologicalReserve,Moore/McKenney/Whitmore Islands Ecological Reserve,"52.6544°N, 129.4305°W",Est. May 1971,206ha,205.95813243213118,1971-05-04,-129.43052957298204,52.65437563579886
MooseValleyPark,Moose Valley Park,"51.6506°N, 121.6452°W",Est. July 1995,"2,500ha",2500.145073869378,1995-07-12,-121.64524924104023,51.65063223348506
MoriceRiverEcologicalReserve,Morice River Ecological Reserve,"54.2347°N, 126.8621°W",Est. December 1977,355ha,355.1244128633579,1977-12-15,-126.86214446070103,54.23472475264876
MountElliottEcologicalReserve,Mount Elliott Ecological Reserve,"50.3091°N, 126.5089°W",Est. August 1989,330ha,329.56015144460457,1989-08-10,-126.50891883373073,50.30906704975229
MountElphinstonePark,Mount Elphinstone Park,"49.4475°N, 123.6312°W",Est. June 2000,140ha,140.33124000007226,2000-06-29,-123.63121707217951,49.447508206823855
MountGriffinEcologicalReserve,Mount Griffin Ecological Reserve,"50.8943°N, 118.5536°W",Est. September 1972,"1,253ha",1253.039701148689,1972-09-01,-118.55359454720397,50.89426153783715
MountMaxwellEcologicalReserve,Mount Maxwell Ecological Reserve,"48.8133°N, 123.5458°W",Est. June 1972,418ha,417.75594495731224,1972-06-02,-123.54577959011597,48.81327817740899
MountMaxwellPark,Mount Maxwell Park,"48.8037°N, 123.5147°W",Est. October 1938,234ha,234.13969011992157,1938-10-21,-123.51469557298769,48.803716303363665
MountSavonaPark,Mount Savona Park,"50.6939°N, 120.8001°W",Est. April 1996,382ha,382.43909822689847,1996-04-30,-120.80012988882855,50.6938735068406
MountTinsdaleEcologicalReserve,Mount Tinsdale Ecological Reserve,"53.0166°N, 121.2724°W",Est. December 1975,438ha,437.5830622370908,1975-12-04,-121.27235141667332,53.01655866461957
MountTuamEcologicalReserve,Mount Tuam Ecological Reserve,"48.7288°N, 123.4697°W",Est. May 1971,362ha,361.52796477085303,1971-05-04,-123.46965036845792,48.72881889327932
MoyieLakePark,Moyie Lake Park,"49.3719°N, 115.8381°W",Est. July 1959,104ha,103.9326878643787,1959-07-07,-115.83806578544636,49.37190359874281
MountBlanchetPark,Mount Blanchet Park,"55.2774°N, 125.8612°W",Est. January 2001,"24,398ha",24398.164382402534,2001-01-25,-125.8612243358109,55.277438948708486
MountPopePark,Mount Pope Park,"54.4908°N, 124.3329°W",Est. January 2001,"2,030ha",2030.1312209837988,2001-01-25,-124.33292653096044,54.49078206891588
MountRichardsonPark,Mount Richardson Park,"49.5677°N, 123.7592°W",Est. June 1999,"1,001ha",1000.5490193066223,1999-06-29,-123.75916772948095,49.567654911214994
MudzenchootPark,Mudzenchoot Park,"55.0362°N, 124.4418°W",Est. January 2001,644ha,644.2266301145961,2001-01-25,-124.44177116999472,55.03620420367598
MunchoLakePark,Muncho Lake Park,"58.9364°N, 125.704°W",Est. May 1957,"86,187ha",86186.95677971278,1957-05-31,-125.7040195161892,58.936429087326616
NairnFallsPark,Nairn Falls Park,"50.2917°N, 122.8236°W",Est. April 1966,179ha,179.13228911522472,1966-04-04,-122.82359857688029,50.29165371090391
NancyGreenePark,Nancy Greene Park,"49.2518°N, 117.9444°W",Est. January 1972,197ha,196.56936011827915,1972-01-25,-117.94436415331677,49.25184273358063
NarcosliLakeEcologicalReserve,Narcosli Lake Ecological Reserve,"52.9406°N, 124.1094°W",Est. October 1973,"1,090ha",1090.3899353332004,1973-10-09,-124.10943049092742,52.94062138696411
NazkoLakePark,Nazko Lake Park,"52.4468°N, 123.5371°W",Est. July 1995,"12,052ha",12052.244790291747,1995-07-12,-123.53709799973535,52.44679163454894
NechakoRiverEcologicalReserve,Nechako River Ecological Reserve,"53.9278°N, 123.2354°W",Est. December 1975,131ha,130.59629551031026,1975-12-04,-123.2353625450126,53.92778275158815
NewcastleIslandMarinePark,Newcastle Island Marine Park,"49.1911°N, 123.935°W",Est. October 1961,334ha,334.4807599023392,1961-10-17,-123.93496965841096,49.19106989939345
NickelPlatePark,Nickel Plate Park,"49.4049°N, 119.9471°W",Est. December 1938,117ha,116.59743469423037,1938-12-14,-119.94710646863822,49.40486872280604
NimpkishLakePark,Nimpkish Lake Park,"50.3378°N, 127.0047°W",Est. July 1995,"3,923ha",3922.8387993640363,1995-07-12,-127.00468388833559,50.33777637263329
NingunsawRiverEcologicalReserve,Ningunsaw River Ecological Reserve,"56.9059°N, 130.1186°W",Est. February 1975,"2,373ha",2373.135548779901,1975-02-06,-130.11860144141906,56.90586754738862
NisgaAMemorialLavaBedPark,Anhluut'ukwsim Laxmihl Angwinga'Asanskwhl Nisga'a (a.k.a. Nisga'a Memorial Lava Bed Park),"55.1518°N, 128.9525°W",Est. April 1992,"17,803ha",17802.65918506556,1992-04-29,-128.95249516767967,55.15177358145229
NitinatRiverPark,Nitinat River Park,"48.884°N, 124.5939°W",Est. April 1996,160ha,159.9481527872187,1996-04-30,-124.59392262408926,48.88398229303844
NorburyLakePark,Norbury Lake Park,"49.5409°N, 115.4847°W",Est. July 1958,103ha,102.844399984007,1958-07-15,-115.4846661554523,49.54089003810986
TutshiLakeTOochAayiConservancy,Tutshi Lake/T'ooch' Aayi Conservancy,"59.9467°N, 134.4813°W",Est. May 2012,"19,654ha",19654.193021310093,2012-05-31,-134.48133666211396,59.946704958023076
HannaTintinaConservancy,Hanna-Tintina Conservancy,"56.1748°N, 129.3085°W",Est. March 2013,"23,701ha",23700.80150251891,2013-03-06,-129.30849483486153,56.17481723923675
NeAhConservancy,Ne'ah' Conservancy,"59.3355°N, 128.6501°W",Est. March 2013,"232,570ha",232569.67917451993,2013-03-06,-128.65010983890684,59.33545529758916
BanksNiiLuutiksmConservancy,Banks Nii Luutiksm Conservancy,"53.5555°N, 130.4452°W",Est. July 2006,"15,594ha",15593.644496360836,2006-07-13,-130.4452342900845,53.55549931259948
CrabLakeConservancy,Crab Lake Conservancy,"53.5746°N, 128.5973°W",Est. July 2006,"12,799ha",12798.538510235436,2006-07-13,-128.59725181389715,53.57462266092511
GitxaalaNiiLuutiksmKitkatlaConservancy,Gitxaala Nii Luutiksm/Kitkatla Conservancy,"53.8648°N, 130.5917°W",Est. July 2006,"13,825ha",13825.454906597444,2006-07-13,-130.59170558286138,53.864772731349774
HunwadiAhnuhatiBaldConservancy,Hunwadi/Ahnuhati-Bald Conservancy,"50.9101°N, 125.8366°W",Est. July 2006,"55,413ha",55412.84639410038,2006-07-13,-125.83659623389904,50.91009018346217
KNabiyaaxlAshdownConservancy,K'Nabiyaaxl/Ashdown Conservancy,"53.0623°N, 129.2117°W",Est. July 2006,454ha,454.23753518091263,2006-07-13,-129.21173198477518,53.06233752778371
KoeyeConservancy,Koeye Conservancy,"51.796°N, 127.7037°W",Est. July 2006,"18,744ha",18744.123624317846,2006-07-13,-127.70370791838751,51.79601720187115
KsiXtsAtKwStagooConservancy,Ksi Xts'at'kw/Stagoo Conservancy,"55.2375°N, 129.6675°W",Est. July 2006,"11,309ha",11309.102771818096,2006-07-13,-129.66754739878942,55.237531742943304
LaxKaGaasCampaniaConservancy,Lax Ka'gaas/Campania Conservancy,"53.0754°N, 129.4254°W",Est. July 2006,"17,088ha",17088.205836751833,2006-07-13,-129.42538121425915,53.07535962352517
LaxKulNiiLuutiksmBonillaConservancy,Lax Kul Nii Luutiksm/Bonilla Conservancy,"53.4873°N, 130.6091°W",Est. July 2006,741ha,741.4371077187897,2006-07-13,-130.60907694757643,53.48727367635227
LaxKwilDziidzFinConservancy,Lax Kwil Dziidz/Fin Conservancy,"53.2644°N, 129.3512°W",Est. July 2006,"1,234ha",1234.498402095012,2006-07-13,-129.3511926469395,53.26441424695822
MahpahkumAhkwunaDesertersWalkerConservancy,Mahpahkum-Ahkwuna/Deserters-Walker Conservancy,"50.8933°N, 127.5074°W",Est. July 2006,931ha,930.5705846915744,2006-07-13,-127.5073952577048,50.893293728351445
MoncktonNiiLuutiksmConservancy,Monckton Nii Luutiksm Conservancy,"53.3468°N, 129.6641°W",Est. July 2006,"22,193ha",22192.510077294784,2006-07-13,-129.66414290582446,53.34682781435836
TsaLatlSmokehouseConservancy,T'sa-Lat'l/Smokehouse Conservancy,"51.3091°N, 126.9642°W",Est. July 2006,"37,897ha",37896.97276104344,2006-07-13,-126.96423038121712,51.3091037650459
DzawadiKlinakliniEstuaryConservancy,Dzawadi/Klinaklini Estuary Conservancy,"51.097°N, 125.6093°W",Est. May 2007,315ha,314.65279465685205,2007-05-22,-125.60933109027272,51.097024951419144
EmilyLakeConservancy,Emily Lake Conservancy,"52.4081°N, 128.0353°W",Est. May 2007,"1,231ha",1230.7722334281727,2007-05-22,-128.03525889232446,52.40809478356146
ForwardHarbourConservancy,Forward Harbour/Yexeweyem Conservancy,"50.4776°N, 125.76°W",Est. May 2007,306ha,305.5873331439532,2007-05-22,-125.75998252507945,50.47764539796676
KDistsauskTurtlePointConservancy,K'distsausk/Turtle Point Conservancy,"53.3182°N, 129.276°W",Est. May 2007,106ha,105.69684079918656,2007-05-22,-129.27600606086364,53.31823660633012
KilbellaEstuaryConservancy,Kilbella Estuary Conservancy,"51.7197°N, 127.3432°W",Est. May 2007,239ha,238.60765074164104,2007-05-22,-127.34321179036904,51.719704242212714
KtisgaidzMacdonaldBayConservancy,Ktisgaidz/Macdonald Bay Conservancy,"53.1997°N, 129.3271°W",Est. May 2007,419ha,419.2727725060671,2007-05-22,-129.3271182864866,53.199650015232535
LadyDouglasDonPeninsulaConservancy,Lady Douglas-Don Penninsula Conservancy,"52.3239°N, 128.3277°W",Est. May 2007,"11,220ha",11219.760520014715,2007-05-22,-128.32768783769865,52.323898950411994
LarcomLagoonConservancy,Larcom Lagoon Conservancy,"55.4018°N, 129.7393°W",Est. May 2007,220ha,219.72638325386765,2007-05-22,-129.73931543328283,55.40176750103225
LockhartGordonConservancy,Lockhart-Gordon Conservancy,"51.4731°N, 127.2773°W",Est. May 2007,"24,492ha",24492.1601919208,2007-05-22,-127.27729928088095,51.47308175207829
MachmellConservancy,Machmell Conservancy,"51.6408°N, 126.66°W",Est. May 2004,"1,814ha",1814.3632179010733,2004-05-22,-126.65997362879565,51.640817224282216
MaxtaktsmAaUnionPassageConservancy,Maxtaktsm'aa/Union Passage Conservancy,"53.3727°N, 129.4595°W",Est. May 2007,"1,942ha",1941.8545500389284,2007-05-22,-129.45952024369367,53.372661492315586
OuterCentralCoastIslandsConservancy,Outer Central Coast Islands Conservancy,"52.167°N, 128.3683°W",Est. May 2007,"14,809ha",14808.546176196307,2007-05-22,-128.3683119042249,52.16699725414396
OwikenoConservancy,Owikeno Conservancy,"51.7078°N, 126.9668°W",Est. May 2007,"70,590ha",70590.15156946244,2007-05-22,-126.9667527491196,51.70776950358691
PenroseRiponConservancy,Penrose-Ripon Conservancy,"51.4827°N, 127.675°W",Est. May 2007,"2,226ha",2226.197719080451,2007-05-22,-127.6750025045131,51.48265124386451
PhillipsEstuaryConservancy,Phillips Estuary/?Nacinuxw Conservancy,"50.5976°N, 125.3348°W",Est. May 2007,"1,370ha",1370.4989118928727,2007-05-22,-125.33482312718253,50.59763665933623
QwiquallaaqBoatBayConservancy,Qwiquallaaq/Boat Bay Conservancy,"50.5368°N, 126.6146°W",Est. May 2007,635ha,634.8031377487094,2007-05-22,-126.61461163707291,50.536775468462935
RescueBayConservancy,Rescue Bay Conservancy,"52.5175°N, 128.2962°W",Est. May 2007,221ha,221.01722694363178,2007-05-22,-128.29617655472632,52.51750100116959
SheemahantConservancy,Sheemahant Conservancy,"51.7554°N, 126.6234°W",Est. May 2007,"1,015ha",1015.3545359266542,2007-05-22,-126.62341070274873,51.755418167159156
StairCreekConservancy,Stair Creek Conservancy,"53.7409°N, 129.095°W",Est. May 2007,790ha,790.2168023590186,2007-05-22,-129.09501748925942,53.74092414781669
WahkashPointConservancy,Wahkash Point Conservancy,"50.9766°N, 125.5249°W",Est. May 2007,189ha,188.7614440987244,2007-05-22,-125.52485253388677,50.97656103016726
WawleySeymourEstuaryConservancy,Wawley/Seymour Estuary Conservancy,"51.2057°N, 126.6676°W",Est. May 2007,289ha,288.993325807274,2007-05-22,-126.66762317943895,51.20567715349125
StaffordEstuaryConservancy,Xwakwe?Naxde?Ma/Stafford Estuary Conservancy,"50.7228°N, 125.422°W",Est. May 2007,507ha,507.06326586647015,2007-05-22,-125.42199778864038,50.72284984841307
CarterBayConservancy,Carter Bay Conservancy,"52.837°N, 128.3811°W",Est. May 2007,310ha,310.30354917636197,2007-05-22,-128.38110407279046,52.83704296749255
CetanThurstonBayConservancy,Cetan/Thurston Bay Conservancy,"50.3701°N, 125.3166°W",Est. May 2007,228ha,228.27619430073392,2007-05-22,-125.31664490876496,50.370142115472845
ClyakEstuaryConservancy,Clyak Estuary Conservancy,"51.8867°N, 127.3557°W",Est. May 2007,288ha,288.0414946678453,2007-05-22,-127.35573010431372,51.886702735330104
GooseBayConservancy,Goose Bay Conservancy,"51.387°N, 127.665°W",Est. May 2007,968ha,967.7907622842793,2007-05-22,-127.6650357788581,51.38700130875048
NekiteEstuaryConservancy,Negiy/Nekite Estuary Conservancy,"51.4007°N, 127.1244°W",Est. May 2007,341ha,341.0678657779105,2007-05-22,-127.12439161629224,51.40069840194282
EsteroBasinConservancy,Palemin/Estero Basin Conservancy,"50.5101°N, 125.1675°W",Est. May 2007,"2,315ha",2314.8806371047294,2007-05-22,-125.16748896946248,50.51008575171375
UgwiwaCapeCautionBlundenBayConservancy,Ugwiwa'/Cape Caution-Blunden Bay Conservancy,"51.1842°N, 127.7666°W",Est. May 2007,237ha,236.71415320267155,2007-05-22,-127.76658072226307,51.18417585257366
BishopBayMonkeyBeachConservancy,Bishop Bay-Monkey Beach Conservancy,"53.4771°N, 128.8923°W",Est. July 2006,"2,836ha",2836.1283509923,2006-07-13,-128.89234884469855,53.47705466151952
BurdwoodGroupConservancy,Burdwood Group Conservancy,"50.7937°N, 126.4794°W",Est. March 2009,119ha,118.58688129145848,2009-03-12,-126.47935701961558,50.79369088068239
EcstallHeadwatersConservancy,Ecstall Headwaters Conservancy,"53.9176°N, 129.3245°W",Est. June 2008,"13,119ha",13118.957124312752,2008-06-27,-129.32453525554158,53.917616993455695
ClaytonFallsConservancy,Clayton Falls Conservancy,"52.2614°N, 126.8296°W",Est. June 2008,"5,048ha",5048.342910456993,2008-06-27,-126.82955788606344,52.261352132166465
CodvilleLagoonConservancy,Codville Lagoon Conservancy,"52.0596°N, 127.8325°W",Est. June 2008,"1,219ha",1218.743791459208,2008-06-27,-127.83245880494961,52.05959788156464
CallaghanConservancy,Callaghan Conservancy,"50.1659°N, 123.2385°W",Est. March 2009,"8,087ha",8087.2933558889345,2009-03-05,-123.23848489385956,50.16589027069409
BellaCoolaEstuaryConservancy,Bella Coola Estuary Conservancy,"52.3827°N, 126.7737°W",Est. June 2008,185ha,184.52986663122095,2008-06-27,-126.7736582075174,52.38265130114361
CattoCreekConservancy,Catto Creek Conservancy,"51.4431°N, 126.3924°W",Est. June 2008,"7,249ha",7249.182763898191,2008-06-27,-126.3924352871235,51.44309792061728
BearIslandConservancy,Bear Island Conservancy,"54.9253°N, 126.2546°W",Est. May 2008,317ha,316.7026621489295,2008-05-23,-126.25461842351301,54.92526732303891
ILoqawLakesPlateauConservancy,I7loqaw7/100 Lakes Plateau Conservancy,"50.5101°N, 123.5337°W",Est. June 2008,"1,030ha",1030.4636756313587,2008-06-27,-123.53372495728807,50.510095921624355
UpperSooConservancy,Upper Soo Conservancy,"50.2695°N, 123.1958°W",Est. March 2009,"11,312ha",11312.304572766428,2009-03-05,-123.19576677677937,50.26948870201211
SkeenaBankConservancy,Skeena Bank Conservancy,"54.2095°N, 129.8873°W",Est. June 2008,"1,652ha",1651.7961675902623,2008-06-27,-129.88731069094715,54.2094796348362
KhtadaLakeConservancy,Khtada Lake Conservancy,"54.0949°N, 129.4415°W",Est. June 2008,"13,648ha",13647.868491395417,2008-06-27,-129.44154364416778,54.094850312979894
HotSpringsNoNameCreekConservancy,Hotsprings-No Name Creek Conservancy,"52.182°N, 127.0297°W",Est. June 2008,"22,760ha",22759.87408195862,2008-06-27,-127.02968779896366,52.18203200293457
EsteTiwilhSigurdCreekConservancy,Este-Tiwilh/Sigurd Creek Conservancy,"49.898°N, 123.3434°W",Est. June 2008,"1,139ha",1139.0256596127601,2008-06-27,-123.3433767883629,49.89803551617066
KennedyIslandConservancy,Kennedy Island Conservancy,"54.0306°N, 130.1791°W",Est. June 2008,"4,385ha",4384.961688536379,2008-06-27,-130.17906207389134,54.030597740535725
EuropaLakeConservancy,Europa Lake Conservancy,"53.3396°N, 128.3495°W",Est. June 2008,"8,947ha",8946.795971027357,2008-06-27,-128.3495407962379,53.33957294278833
YaaguunSuuConservancy,Yaaguun Suu Conservancy,"53.305°N, 132.3049°W",Est. May 2008,"7,970ha",7970.240322027507,2008-05-23,-132.30486872102043,53.30504175691922
NlhaxtenCeriseCreekConservancy,Nlhaxten/Cerise Creek Conservancy,"50.3562°N, 122.4313°W",Est. June 2008,"2,274ha",2274.1322062254258,2008-06-27,-122.43125666859721,50.35622817781048
NamuConservancy,Namu Conservancy,"51.8832°N, 127.8016°W",Est. June 2008,"10,322ha",10321.548523031644,2008-06-27,-127.8015551363017,51.88321273275242
BroughtonArchipelagoConservancy,Broughton Archipelago Conservancy,"50.6958°N, 126.6734°W",Est. March 2009,"4,089ha",4089.034615841087,2009-03-12,-126.67342520383728,50.6957548844413
NooseseckConservancy,Nooseseck Conservancy,"52.3824°N, 127.0677°W",Est. June 2008,"1,604ha",1603.5310686787464,2008-06-27,-127.06765503268399,52.38239957071243
LaxKwaxlDundasAndMelvilleIslandsConservancy,Lax Kwaxl/Dundas and Melville Islands Conservancy,"54.5206°N, 130.8563°W",Est. June 2008,"23,493ha",23492.83302804117,2008-06-27,-130.85631924709287,54.520573039137936
PaAatConservancy,Pa_aat Conservancy,"53.7566°N, 129.9994°W",Est. June 2008,"4,771ha",4771.082215805977,2008-06-27,-129.99942695135883,53.75664224279707
ThorsenCreekConservancy,Thorsen Creek Conservancy,"52.291°N, 126.684°W",Est. June 2008,"8,506ha",8505.974690958805,2008-06-27,-126.68399039545862,52.29097169441045
UgwiwaCapeCautionConservancy,Ugwiwa'/Cape Caution Conservancy,"51.159°N, 127.6385°W",Est. May 2007,"10,246ha",10245.707470960098,2007-05-22,-127.6384883194222,51.15902829326949
WoodworthLakeConservancy,Woodworth Lake Conservancy,"54.3509°N, 130.178°W",Est. June 2008,"4,439ha",4439.424111762302,2008-06-27,-130.17802568753996,54.350927138149686
QwalimakUpperBirkenheadConservancy,Qwalimak/Upper Birkenhead Conservancy,"50.5763°N, 122.8554°W",Est. June 2008,"4,891ha",4891.062362180863,2008-06-27,-122.85537463761575,50.576284654270225
TroupPassageConservancy,Troup Passage Conservancy,"52.2634°N, 128.0121°W",Est. June 2008,"2,619ha",2618.560824187077,2008-06-27,-128.01209019201278,52.26338015205199
UpperElahoValleyConservancy,Upper Elaho Valley Conservancy,"50.47°N, 123.5915°W",Est. June 2008,"10,261ha",10261.355180995948,2008-06-27,-123.59154398162681,50.47001428669164
WilkinsonWrightBayConservancy,Wilkinson-Wright Bay Conservancy,"54.7991°N, 125.9909°W",Est. May 2008,"1,664ha",1664.1218078845611,2008-05-23,-125.99091438040858,54.79910632653817
PolkinghorneIslandsConservancy,Polkinghorne Islands Conservancy,"50.7955°N, 126.9292°W",Est. March 2009,143ha,143.39748831495638,2009-03-12,-126.92921041748511,50.79554855686256
LongIslandConservancy,Long Island Conservancy,"54.8856°N, 126.1367°W",Est. May 2008,850ha,850.1087585911931,2008-05-23,-126.13669581213495,54.885584080167085
KZuzaltTwinTwoConservancy,K'zuz?lt/Twin Two Conservancy,"50.2489°N, 122.4058°W",Est. July 2008,"2,097ha",2096.925451647005,2008-07-11,-122.40578932885849,50.248862162506526
KsgaxlStephensIslandsConservancy,Ksgaxl/Stephens Island Conservancy,"54.1429°N, 130.7123°W",Est. June 2008,"9,451ha",9450.58781510293,2008-06-27,-130.71226134556707,54.142860386736075
PortArthurConservancy,Port Arthur Conservancy,"54.7505°N, 126.065°W",Est. May 2008,342ha,342.1609859843326,2008-05-23,-126.06502122496909,54.750490502687185
RestorationBayConservancy,Restoration Bay Conservancy,"52.0235°N, 127.6264°W",Est. June 2008,823ha,822.7124201786424,2008-06-27,-127.626441801018,52.02354645514188
UpperRogersKolConservancy,Upper Rogers Kolii7 Conservancy,"50.1161°N, 122.2843°W",Est. June 2008,"3,604ha",3603.8949359345897,2008-06-27,-122.28428687603797,50.11607163829053
WakemanEstuaryConservancy,Wakeman Estuary Conservancy,"51.0411°N, 126.5227°W",Est. June 2008,178ha,177.89025053107048,2008-06-27,-126.52270958444053,51.04114078194644
KwatnaEstuaryConservancy,Kwatna Estuary Conservancy,"52.1051°N, 127.3741°W",Est. June 2008,258ha,257.93893679515327,2008-06-27,-127.37409582632998,52.10505330878573
SanctuaryBayConservancy,Sanctuary Bay Conservancy,"55.0428°N, 126.2657°W",Est. May 2008,820ha,820.2720504201467,2008-05-23,-126.2656889281561,55.042813567920504
WalesHarbourConservancy,Wales Harbour Conservancy,"54.7574°N, 130.5881°W",Est. June 2008,346ha,345.6599677999497,2008-06-27,-130.58811796813077,54.75736270923159
DamaxyaaConservancy,Damaxyaa Conservancy,"53.2234°N, 131.8465°W",Est. December 2008,823ha,822.97376655162725,2008-12-17,-131.84645735525174,53.22344964995005
KunxalasConservancy,Kunxalas Conservancy,"53.0812°N, 131.6732°W",Est. December 2008,"3,353ha",3352.93483930503,2008-12-17,-131.67324077361533,53.0812452928699
KUunaGwaayConservancy,K'uuna Gwaay Conservancy,"52.914°N, 131.6301°W",Est. December 2008,"2,105ha",2104.702414804095,2008-12-17,-131.63010451645226,52.913951060632186
SgaayTaawSiiwaayKAdjuuConservancy,SGaay Taw Siiwaay K?adjuu Conservancy,"52.9234°N, 132.0631°W",Est. December 2008,597ha,596.6450063823105,2008-12-17,-132.0630671360078,52.92342265332253
YaaguunGandlaayConservancy,Yaaguun Gandlaay Conservancy,"53.61°N, 132.2102°W",Est. December 2008,"2,500ha",2499.798728540452,2008-12-17,-132.2101679524849,53.60999966993556
GoldenGateXaatYadiAaniConservancy,Golden Gate/Xaat Yadi Aani Conservancy,"59.6436°N, 134.2496°W",Est. May 2012,"5,985ha",5985.059813616323,2012-05-31,-134.2496159841594,59.643638916605596
IndianLakeHitchcockCreekAtChInishaConservan,Indian Lake-Hitchcock Creek/At Ch Ini Sha Conservancy,"59.9071°N, 133.5081°W",Est. May 2012,"60,571ha",60570.98154775483,2012-05-31,-133.50806562026037,59.90714861050577
MonarchMountainAXeegiDeiyiConservancy,Monarch Mountain/A Xeegi Deiyi Conservancy,"59.5483°N, 133.623°W",Est. June 2012,425ha,425.1123980128766,2012-06-22,-133.6230067658356,59.54830621446043
MountMintoKIyanConservancy,Mount Minto/K?iy?n Conservancy,"59.9484°N, 133.9132°W",Est. May 2012,"5,661ha",5660.7534721173815,2012-05-31,-133.9132130079328,59.94837778468032
